display_name	true_name	icon
Adventuring Time	minecraft:adventure/adventuring_time	diamond_boots
Arbalistic	minecraft:adventure/arbalistic	spectral_arrow
Sneak 100	minecraft:adventure/avoid_vibration	sculk
Blowback	minecraft:adventure/blowback	breeze_rod
Isn’t It Scute?	minecraft:adventure/brush_armadillo	brush
Bullseye	minecraft:adventure/bullseye	arrow
Crafters Crafting Crafters	minecraft:adventure/crafters_crafting_crafters	crafting_table
Careful Restoration	minecraft:adventure/craft_decorated_pot_using_only_sherds	decorated_pot
Caves & Cliffs	minecraft:adventure/fall_from_world_height	water_bucket
Hero of the Village	minecraft:adventure/hero_of_the_village	firework_rocket
Sticky Situation	minecraft:adventure/honey_block_slide	honey_block
Monsters Hunted	minecraft:adventure/kill_all_mobs	diamond_sword
Monster Hunter	minecraft:adventure/kill_a_mob	iron_sword
It spreads!	minecraft:adventure/kill_mob_near_sculk_catalyst	sculk_catalyst
Lighten Up	minecraft:adventure/lighten_up	weathered_copper_bulb
Surge Protector	minecraft:adventure/lightning_rod_with_villager_no_fire	villager_spawn_egg
Minecraft: Trial(s) Edition	minecraft:adventure/minecraft_trials_edition	chiseled_tuff
Ol' Betsy	minecraft:adventure/ol_betsy	crossbow
Meteor Strike	minecraft:adventure/overoverkill	deepslate_redstone_ore
The Sound of Music	minecraft:adventure/play_jukebox_in_meadows	azure_bluet
The Power of Books	minecraft:adventure/read_power_of_chiseled_bookshelf	chiseled_bookshelf
Revaulting	minecraft:adventure/revaulting	ominous_trial_key
Adventure	minecraft:adventure/root	map
Respecting the Remnants	minecraft:adventure/salvage_sherd	suspicious_sand
Take Aim	minecraft:adventure/shoot_arrow	bow
Sweet dreams	minecraft:adventure/sleep_in_bed	red_bed
Sniper Duel	minecraft:adventure/sniper_duel	skeleton_skull
Is it a Plane?	minecraft:adventure/spyglass_at_dragon	spyglass
Is it a Balloon?	minecraft:adventure/spyglass_at_ghast	spyglass
Is it a Bird?	minecraft:adventure/spyglass_at_parrot	spyglass
Hired Help	minecraft:adventure/summon_iron_golem	iron_block
A Throwaway Joke	minecraft:adventure/throw_trident	trident
Postmortal	minecraft:adventure/totem_of_undying	totem_of_undying
What a Deal!	minecraft:adventure/trade	emerald
Star Trader	minecraft:adventure/trade_at_world_height	nether_star
Smithing With Style	minecraft:adventure/trim_with_all_exclusive_armor_patterns	spire_armor_trim_smithing_template
Crafting a New Look	minecraft:adventure/trim_with_any_armor_pattern	iron_helmet
Two Birds, One Arrow	minecraft:adventure/two_birds_one_arrow	crossbow
Under Lock and Key	minecraft:adventure/under_lock_and_key	trial_key
Country Lode, Take Me Home	minecraft:adventure/use_lodestone	compass
Very Very Frightening	minecraft:adventure/very_very_frightening	dragon_breath
I've got a bad feeling about this	minecraft:adventure/voluntary_exile	white_banner
Light as a Rabbit	minecraft:adventure/walk_on_powder_snow_with_leather_boots	leather_boots
Who's the Pillager Now?	minecraft:adventure/whos_the_pillager_now	player_head
Who Needs Rockets?	minecraft:adventure/who_needs_rockets	wind_charge
You Need a Mint	minecraft:end/dragon_breath	dragon_breath
The Next Generation	minecraft:end/dragon_egg	dragon_egg
Sky's the Limit	minecraft:end/elytra	elytra
Remote Getaway	minecraft:end/enter_end_gateway	ender_pearl
The City at the End of the Game	minecraft:end/find_end_city	purpur_block
Free the End	minecraft:end/kill_dragon	dragon_head
Great View From Up Here	minecraft:end/levitate	shulker_shell
The End... Again	minecraft:end/respawn_dragon	end_crystal
The End	minecraft:end/root	end_stone
Birthday Song	minecraft:husbandry/allay_deliver_cake_to_note_block	note_block
You’ve Got a Friend in Me	minecraft:husbandry/allay_deliver_item_to_player	cookie
The Cutest Predator	minecraft:husbandry/axolotl_in_a_bucket	axolotl_bucket
A Balanced Diet	minecraft:husbandry/balanced_diet	apple
Serious Dedication	minecraft:husbandry/break_diamond_hoe	diamond_hoe
Overpopulation	minecraft:husbandry/bred_all_animals	hay_block
Repopulation	minecraft:husbandry/breed_an_animal	wheat
A Complete Catalogue	minecraft:husbandry/complete_catalogue	cod
Little Sniffs	minecraft:husbandry/feed_snifflet	sniffer_spawn_egg
Fishy Business	minecraft:husbandry/fishy_business	fishing_rod
Incandescent!	minecraft:husbandry/froglights	verdant_froglight
The Healing Power of Friendship	minecraft:husbandry/kill_axolotl_target	trident
When the Squad Hops into Town	minecraft:husbandry/leash_all_frog_variants	lead
Glow and Behold	minecraft:husbandry/make_a_sign_glow	warped_sign
NOT AN ADVANCEMENT	minecraft:husbandry/obtain_netherite_hoe	warped_sign
Life… uhh… finds a way	minecraft:husbandry/obtain_sniffer_egg	sniffer_egg
Planting the Past	minecraft:husbandry/plant_any_sniffer_seed	torchflower
A Seedy Place	minecraft:husbandry/plant_seed	wheat_seeds
Shear Brilliance	minecraft:husbandry/remove_wolf_armor	shears
Good as New	minecraft:husbandry/repair_wolf_armor	armadillo_scute
Whatever Floats Your Goat!	minecraft:husbandry/ride_a_boat_with_a_goat	birch_boat
Animals	minecraft:husbandry/root	beef
Bee Our Guest	minecraft:husbandry/safely_harvest_honey	campfire
Total Beelocation	minecraft:husbandry/silk_touch_nest	bee_nest
Tactical Fishing	minecraft:husbandry/tactical_fishing	pufferfish_bucket
Bukkit bukkit	minecraft:husbandry/tadpole_in_a_bucket	tadpole_bucket
Leader of the Pack	minecraft:husbandry/tame_an_animal	bone
Wax Off	minecraft:husbandry/wax_off	stone_axe
Wax On	minecraft:husbandry/wax_on	honeycomb
The Whole Pack	minecraft:husbandry/whole_pack	bone
How Did We Get Here?	minecraft:nether/all_effects	bucket
A Furious Cocktail	minecraft:nether/all_potions	milk_bucket
Local Brewery	minecraft:nether/brew_potion	brewing_stand
Not Quite 'Nine' Lives	minecraft:nether/charge_respawn_anchor	glowstone
Bring Home the Beacon	minecraft:nether/create_beacon	beacon
Beaconator	minecraft:nether/create_full_beacon	beacon
Oh, Shiny!	minecraft:nether/distract_piglin	gold_ingot
Hot Tourist Destination	minecraft:nether/explore_nether	golden_boots
Subspace Bubble	minecraft:nether/fast_travel	map
Those Were the Days	minecraft:nether/find_bastion	polished_blackstone_bricks
A Terrible Fortress	minecraft:nether/find_fortress	nether_bricks
Spooky Scary Skeleton	minecraft:nether/get_wither_skull	wither_skeleton_skull
War Pigs	minecraft:nether/loot_bastion	chest
A Knight to Nether Forget	minecraft:nether/netherite_armor	netherite_chestplate
Nether Say Die	minecraft:nether/obtain_ancient_debris	ancient_debris
Into Fire	minecraft:nether/obtain_blaze_rod	blaze_rod
Who is Cutting Onions?	minecraft:nether/obtain_crying_obsidian	crying_obsidian
Return to Sender	minecraft:nether/return_to_sender	fire_charge
This Boat Has Legs	minecraft:nether/ride_strider	warped_fungus_on_a_stick
Feels Like Home	minecraft:nether/ride_strider_in_overworld_lava	lava_bucket
Nether	minecraft:nether/root	red_nether_bricks
Withering Heights	minecraft:nether/summon_wither	nether_star
Uneasy Alliance	minecraft:nether/uneasy_alliance	ghast_tear
Zombie Doctor	minecraft:story/cure_zombie_villager	golden_apple
Not Today, Thank You	minecraft:story/deflect_arrow	shield
Enchanter	minecraft:story/enchant_item	enchanting_table
The End?	minecraft:story/enter_the_end	end_portal_frame
We Need to Go Deeper	minecraft:story/enter_the_nether	flint_and_steel
Eye Spy	minecraft:story/follow_ender_eye	ender_eye
Ice Bucket Challenge	minecraft:story/form_obsidian	obsidian
Isn't It Iron Pick	minecraft:story/iron_tools	iron_pickaxe
Hot Stuff	minecraft:story/lava_bucket	lava_bucket
Diamonds!	minecraft:story/mine_diamond	diamond_ore
Stone Age	minecraft:story/mine_stone	wooden_pickaxe
Suit Up	minecraft:story/obtain_armor	iron_chestplate
Benchmarking	minecraft:story/root	crafting_table
Cover Me With Diamonds	minecraft:story/shiny_gear	diamond_chestplate
Acquire Hardware	minecraft:story/smelt_iron	iron_ingot
Getting an Upgrade	minecraft:story/upgrade_tools	stone_pickaxe
Allayance	blazeandcave:adventure/allayance	allay_spawn_egg
All chained up	blazeandcave:adventure/all_chained_up	chainmail_chestplate
And make it double!	blazeandcave:adventure/and_make_it_double	amethyst_shard
Awards Ceremony	blazeandcave:adventure/awards_ceremony	gold_block
A Chiptune Relic	blazeandcave:adventure/a_chiptune_relic	music_disc_relic
A Suspicious Advancement	blazeandcave:adventure/a_suspicious_advancement	suspicious_gravel
Beethoven	blazeandcave:adventure/beethoven	jukebox
Break Wind	blazeandcave:adventure/break_wind	breeze_rod
Breeze Suppressor	blazeandcave:adventure/breeze_suppressor	breeze_spawn_egg
Brushed Away	blazeandcave:adventure/brushed_away	brush
Budget Vex	blazeandcave:adventure/budget_vex	iron_sword
Businessman	blazeandcave:adventure/businessman	fletching_table
Buy Low, Sell High	blazeandcave:adventure/buy_low_sell_high	emerald
Chromatic Armory	blazeandcave:adventure/chromatic_armory	netherite_chestplate
Coordinated Flair	blazeandcave:adventure/coordinated_flair	diamond_boots
Core Keeper	blazeandcave:adventure/core_keeper	heavy_core
Crazy Cat Lady	blazeandcave:adventure/crazy_cat_lady	salmon
Deal's Off!	blazeandcave:adventure/deals_off	blue_carpet
Diagon Allay	blazeandcave:adventure/diagon_allay	potion
Disc Jockey	blazeandcave:adventure/disc_jockey	music_disc_chirp
Do You Want to Trade?	blazeandcave:adventure/do_you_want_to_trade	oak_door
Dry Spell	blazeandcave:adventure/dry_spell	wet_sponge
Evelyn Evergreen	blazeandcave:adventure/evelyn_evergreen	spruce_sapling
Feeling Ill	blazeandcave:adventure/feeling_ill	totem_of_undying
Filthy Rich	blazeandcave:adventure/filthy_rich	emerald
Filthy Stinkin' Rich	blazeandcave:adventure/filthy_stinkin_rich	emerald_block
Florist	blazeandcave:adventure/florist	cornflower
From Under Your Feet	blazeandcave:adventure/from_under_your_feet	oxidized_copper_trapdoor
Genesis of the End	blazeandcave:adventure/genesis_of_the_end	eye_armor_trim_smithing_template
Ghostbuster!	blazeandcave:adventure/ghostbuster	iron_sword
Good-Lookin’ Treasure	blazeandcave:adventure/good_lookin_treasure	sentry_armor_trim_smithing_template
Grave Robber	blazeandcave:adventure/grave_robber	chiseled_sandstone
Guardian Destroyer	blazeandcave:adventure/guardian_destroyer	guardian_spawn_egg
Happy Trails!	blazeandcave:adventure/happy_trails	white_glazed_terracotta
Hard Mode Activated	blazeandcave:adventure/hard_mode_activated	ominous_bottle
Heeere's Johnny!	blazeandcave:adventure/heres_johnny	iron_axe
Hey! You two should kiss!	blazeandcave:adventure/hey_you_two_should_kiss	red_tulip
House of Psychos	blazeandcave:adventure/house_of_psychos	dark_oak_door
If only cats grew into kittens	blazeandcave:adventure/if_only_cats_grew_into_kittens	cat_spawn_egg
I'm not lost anymore!	blazeandcave:adventure/im_not_lost_anymore	blue_banner
It's So Beast-Like!	blazeandcave:adventure/its_so_beast_like	saddle
I am Ravager, hear me ROAR!	blazeandcave:adventure/i_am_ravager_hear_me_roar	shield
I hereby dub thee...	blazeandcave:adventure/i_hereby_dub_thee	name_tag
I just want to make toast!	blazeandcave:adventure/i_just_want_to_make_toast	rabbit_spawn_egg
Jurassic Sniff	blazeandcave:adventure/jurassic_sniff	torchflower_seeds
Justice	blazeandcave:adventure/justice	tipped_arrow
Keys to Success	blazeandcave:adventure/keys_to_success	trial_key
Knowledge is Power	blazeandcave:adventure/knowledge_is_power	enchanted_book
Laser Sharks!	blazeandcave:adventure/laser_sharks	prismarine_shard
Lilypad Hatter	blazeandcave:adventure/lilypad_hatter	lily_pad
Mapmaker	blazeandcave:adventure/mapmaker	map
Mapmaker's Table	blazeandcave:adventure/mapmakers_table	cartography_table
Map Room	blazeandcave:adventure/map_room	item_frame
Master Trader	blazeandcave:adventure/master_trader	grindstone
Mold Maker	blazeandcave:adventure/mold_maker	diamond
Monumental	blazeandcave:adventure/monumental	prismarine
MURDERER!	blazeandcave:adventure/murderer	iron_sword
Music To My Ears	blazeandcave:adventure/music_to_my_ears	music_disc_cat
Nerds Never Die	blazeandcave:adventure/nerds_never_die	player_head
Now You’re Thinking With Portals	blazeandcave:adventure/now_youre_thinking_with_portals	crying_obsidian
Nyan Sheep	blazeandcave:adventure/nyan_sheep	magenta_wool
Oh, look, it dings!	blazeandcave:adventure/oh_look_it_dings	bell
Omniscient	blazeandcave:adventure/omniscient	ominous_bottle
Out of Posts	blazeandcave:adventure/out_of_posts	dark_oak_planks
Overpowered	blazeandcave:adventure/overpowered	enchanted_golden_apple
Picador	blazeandcave:adventure/picador	trident
Pottery Exhibition	blazeandcave:adventure/pottery_exhibition	prize_pottery_sherd
Prime Specimen	blazeandcave:adventure/prime_specimen	large_fern
Professional	blazeandcave:adventure/professional	loom
Raiders of the Lost Trim	blazeandcave:adventure/raiders_of_the_lost_trim	wayfinder_armor_trim_smithing_template
Raidin' Master	blazeandcave:adventure/raidin_master	structure_block
Rare Candy Shop	blazeandcave:adventure/rare_candy_shop	experience_bottle
Rebuilding the Oceans	blazeandcave:adventure/rebuilding_the_oceans	tube_coral_block
Redemption Arc	blazeandcave:adventure/redemption_arc	pillager_spawn_egg
Rekt!	blazeandcave:adventure/rekt	iron_bars
Retro Future Knight	blazeandcave:adventure/retro_future_knight	chainmail_helmet
Riot Shield	blazeandcave:adventure/riot_shield	shield
Secret of the Igloo	blazeandcave:adventure/secret_of_the_igloo	snow_block
Shady Deals	blazeandcave:adventure/shady_deals	potion
Slenderman	blazeandcave:adventure/slenderman	enderman_spawn_egg
Sound the Alarm!	blazeandcave:adventure/sound_the_alarm	bell
Spear Fishing	blazeandcave:adventure/spear_fishing	arrow
Sponge Miner	blazeandcave:adventure/sponge_miner	sponge
Stacked Smither	blazeandcave:adventure/stacked_smither	rib_armor_trim_smithing_template
Superhero of the Village	blazeandcave:adventure/superhero_of_the_village	red_banner
sus	blazeandcave:adventure/sus	suspicious_sand
The Deep End	blazeandcave:adventure/the_deep_end	prismarine_crystals
The one and true Johnny	blazeandcave:adventure/the_one_and_true_johnny	vindicator_spawn_egg
The Shielding	blazeandcave:adventure/the_shielding	shield
The Sound of Silence	blazeandcave:adventure/the_sound_of_silence	silence_armor_trim_smithing_template
The Tribal Villagers	blazeandcave:adventure/the_tribal_villagers	jungle_log
This will be a breeze!	blazeandcave:adventure/this_will_be_a_breeze	trial_spawner
Tomb Raider	blazeandcave:adventure/tomb_raider	mossy_cobblestone
Town Planner	blazeandcave:adventure/town_planner	stonecutter
Traveller	blazeandcave:adventure/traveller	acacia_log
Travelling Merchant	blazeandcave:adventure/travelling_merchant	blue_dye
Treasure Map	blazeandcave:adventure/treasure_map	filled_map
Tricky Treasures	blazeandcave:adventure/tricky_treasures	music_disc_creator
Truffle Worm	blazeandcave:adventure/truffle_worm	pitcher_pod
Undying Fandom	blazeandcave:adventure/undying_fandom	magenta_wool
Vault Hunter	blazeandcave:adventure/vault_hunter	vault
Veteran of the Village	blazeandcave:adventure/veteran_of_the_village	emerald_block
Vexingly Hard to Find	blazeandcave:adventure/vexingly_hard_to_find	vex_armor_trim_smithing_template
Village Settler	blazeandcave:adventure/village_settler	bell
War is Coming	blazeandcave:adventure/war_is_coming	ominous_bottle
We're being attacked!	blazeandcave:adventure/were_being_attacked	crossbow
What's Up, Doc?	blazeandcave:adventure/whats_up_doc	player_head
Witchcraft	blazeandcave:adventure/witchcraft	cauldron
Wololo!	blazeandcave:adventure/wololo	totem_of_undying
Workaholic	blazeandcave:adventure/workaholic	brewing_stand
Your Daily Fix	blazeandcave:adventure/your_daily_fix	iron_ingot
You are the Pillager	blazeandcave:adventure/you_are_the_pillager	player_head
Animal Kingdom	blazeandcave:animal/animal_kingdom	mangrove_fence
Aquarium	blazeandcave:animal/aquarium	salmon_bucket
Are we there yet?	blazeandcave:animal/are_we_there_yet	chest
Armadoggo	blazeandcave:animal/armadoggo	wolf_armor
Artificial Selection	blazeandcave:animal/artificial_selection	apple
Axeolotl	blazeandcave:animal/axeolotl	iron_axe
Axolittle	blazeandcave:animal/axolittle	axolotl_spawn_egg
Axolotl of them	blazeandcave:animal/axolotl_of_them	bucket
A Horse in Shining Armor	blazeandcave:animal/a_horse_in_shining_armor	diamond_horse_armor
Bacon!	blazeandcave:animal/bacon	porkchop
Battle of the Bands	blazeandcave:animal/battle_of_the_bands	white_banner
Beeloons!	blazeandcave:animal/beeloons	honeycomb
Billy the Kid	blazeandcave:animal/billy_the_kid	goat_spawn_egg
Birdkeeper	blazeandcave:animal/birdkeeper	parrot_spawn_egg
Blackberry Market	blazeandcave:animal/blackberry_market	emerald
Blistering Barnacles!	blazeandcave:animal/blistering_barnacles	light_blue_carpet
Bunny Lover	blazeandcave:animal/bunny_lover	golden_carrot
Caprymphony	blazeandcave:animal/caprymphony	note_block
Catching Nemo	blazeandcave:animal/catching_nemo	tropical_fish
Cephalight	blazeandcave:animal/cephalight	glow_ink_sac
Chatterbox	blazeandcave:animal/chatterbox	beetroot_seeds
Chicken Cooper	blazeandcave:animal/chicken_cooper	chicken_spawn_egg
Colorful Cavalry	blazeandcave:animal/colorful_cavalry	leather_horse_armor
Cool Kids	blazeandcave:animal/cool_kids	leather_chestplate
Cowboy	blazeandcave:animal/cowboy	saddle
Cow Tipper	blazeandcave:animal/cow_tipper	leather
Delicious Fish	blazeandcave:animal/delicious_fish	cooked_cod
Desert Rider	blazeandcave:animal/desert_rider	camel_spawn_egg
Direct Fishing	blazeandcave:animal/direct_fishing	stone_sword
Farmadillo	blazeandcave:animal/farmadillo	spider_eye
Fashion Statement	blazeandcave:animal/fashion_statement	leather_leggings
Feeding the §mDucks§r Chickens	blazeandcave:animal/feeding_the_chickens	wheat_seeds
Feeling Sheepish	blazeandcave:animal/feeling_sheepish	cooked_mutton
Flamboyant Range	blazeandcave:animal/flamboyant_range	yellow_bundle
Flashy Items	blazeandcave:animal/flashy_items	glow_item_frame
Foal Play	blazeandcave:animal/foal_play	golden_apple
Follow the Leader	blazeandcave:animal/follow_the_leader	oak_fence
Foxy Thievery	blazeandcave:animal/foxy_thievery	totem_of_undying
Fractal	blazeandcave:animal/fractal	black_bundle
Frog Family	blazeandcave:animal/frog_family	frogspawn
Fuzzy Feet	blazeandcave:animal/fuzzy_feet	magenta_carpet
Getting Into a Stew	blazeandcave:animal/getting_into_a_stew	rabbit_stew
Goat out of here!	blazeandcave:animal/goat_out_of_here	white_dye
Goat Simulator	blazeandcave:animal/goat_simulator	dead_horn_coral_fan
Going Down the Rabbit Hole	blazeandcave:animal/going_down_the_rabbit_hole	rabbit_hide
Grinding Nemo	blazeandcave:animal/grinding_nemo	tropical_fish
Have a Shearful Day	blazeandcave:animal/have_a_shearful_day	shears
Heavy Duty Caravan	blazeandcave:animal/heavy_duty_caravan	potion
Hey, look, Mom!	blazeandcave:animal/hey_look_mom	turtle_egg
High Steaks	blazeandcave:animal/high_steaks	cooked_beef
Hive Mind	blazeandcave:animal/hive_mind	beehive
Honey, I'm Home!	blazeandcave:animal/honey_im_home	honeycomb_block
Horse Armorer	blazeandcave:animal/horse_armorer	leather_horse_armor
Humble Bundle	blazeandcave:animal/humble_bundle	bundle
Hump Day	blazeandcave:animal/hump_day	cactus
Iceologer Should've Won	blazeandcave:animal/iceologer_shouldve_won	blue_ice
In a hole there lived a Rabbit	blazeandcave:animal/in_a_hole_there_lived_a_rabbit	rabbit_spawn_egg
It's High Noon	blazeandcave:animal/its_high_noon	bow
Just Keeps Going	blazeandcave:animal/just_keeps_going	bowl
Lead the Way!	blazeandcave:animal/lead_the_way	lead
Live and Let Dye	blazeandcave:animal/live_and_let_dye	pink_dye
Llama Festival	blazeandcave:animal/llama_festival	purple_banner
Llama Llama Duck King	blazeandcave:animal/llama_llama_duck_king	llama_spawn_egg
Loud and Proud	blazeandcave:animal/loud_and_proud	sculk_sensor
Lucky Charm	blazeandcave:animal/lucky_charm	rabbit_foot
Mary Had a Little Lamb...	blazeandcave:animal/mary_had_a_little_lamb	sheep_spawn_egg
Master Angler	blazeandcave:animal/master_angler	pufferfish
Master Farrier	blazeandcave:animal/master_farrier	horse_spawn_egg
Milkshroom	blazeandcave:animal/milkshroom	mushroom_stew
Milk does your body good	blazeandcave:animal/milk_does_your_body_good	milk_bucket
Mooshroom Kingdom	blazeandcave:animal/mooshroom_kingdom	mycelium
Mushroom Scientist	blazeandcave:animal/mushroom_scientist	trident
Nest, Quick!	blazeandcave:animal/nest_quick	bee_spawn_egg
NOT THE BEES!	blazeandcave:animal/not_the_bees	spawner
Paw Patrol	blazeandcave:animal/paw_patrol	wolf_armor
Pig Slaughterer	blazeandcave:animal/pig_slaughterer	pig_spawn_egg
Poacher	blazeandcave:animal/poacher	seagrass
Pork Chop	blazeandcave:animal/pork_chop	cooked_porkchop
Puppies! Yipe!	blazeandcave:animal/puppies_yipe	rotten_flesh
Rabbit Season	blazeandcave:animal/rabbit_season	cooked_rabbit
Rainbow Collection	blazeandcave:animal/rainbow_collection	light_blue_wool
Ram	blazeandcave:animal/ram	goat_horn
Salmonella Poisoning	blazeandcave:animal/salmonella_poisoning	salmon
Save the Turtles!	blazeandcave:animal/save_the_turtles	turtle_egg
Screaming Milk	blazeandcave:animal/screaming_milk	milk_bucket
Scuttler	blazeandcave:animal/scuttler	turtle_scute
Sheariously?	blazeandcave:animal/sheariously	light_gray_wool
Shoe Shed	blazeandcave:animal/shoe_shed	leather_boots
Silence of the Lambs	blazeandcave:animal/silence_of_the_lambs	gray_wool
Snow Fox 64	blazeandcave:animal/snow_fox_64	snow_block
Someone's been here before...	blazeandcave:animal/someones_been_here_before	leather_boots
So Good	blazeandcave:animal/so_good	cooked_chicken
So Hungry I Could Eat a Horse!	blazeandcave:animal/so_hungry_i_could_eat_a_horse	hay_block
So I got that going for me	blazeandcave:animal/so_i_got_that_going_for_me	hay_block
Stay Calmer	blazeandcave:animal/stay_calmer	light_gray_carpet
Super Mooshroom	blazeandcave:animal/super_mooshroom	red_mushroom
Sushi	blazeandcave:animal/sushi	cod
Swine Sailing	blazeandcave:animal/swine_sailing	jungle_boat
Thanks a lotl	blazeandcave:animal/thanks_a_lotl	prismarine_shard
They're breeding like rabbits!	blazeandcave:animal/theyre_breeding_like_rabbits	carrot
The High Road	blazeandcave:animal/the_high_road	iron_sword
Tickle Time!	blazeandcave:animal/tickle_time	feather
Totally not an AFK fisher!	blazeandcave:animal/totally_not_an_afk_fisher	fishing_rod
Treasure Hunter	blazeandcave:animal/treasure_hunter	nautilus_shell
Tropical Collection	blazeandcave:animal/tropical_collection	tropical_fish_bucket
True Cow Tipper	blazeandcave:animal/true_cow_tipper	cow_spawn_egg
Turtle Army	blazeandcave:animal/turtle_army	turtle_spawn_egg
Turtle Soldier	blazeandcave:animal/turtle_soldier	turtle_helmet
What a piece of junk!	blazeandcave:animal/what_a_piece_of_junk	bone
What Does The Fox Say?	blazeandcave:animal/what_does_the_fox_say	fox_spawn_egg
When Pigs Used to Fly	blazeandcave:animal/when_pigs_used_to_fly	carrot_on_a_stick
WHERE'S THE HONEY LEBOWSKI	blazeandcave:animal/wheres_the_honey_lebowski	honey_bottle
Which came first?	blazeandcave:animal/which_came_first	egg
Winnie the Pooh	blazeandcave:animal/winnie_the_pooh	honey_bottle
Wooly!	blazeandcave:animal/wooly	white_wool
Ya like jazz?	blazeandcave:animal/ya_like_jazz	honeycomb
You Lead, I'll Follow	blazeandcave:animal/you_lead_ill_follow	brown_carpet
Advancement Legend	blazeandcave:bacap/advancement_legend	player_head
Adventure Milestone	blazeandcave:bacap/adventure_milestone	map
Animal Milestone	blazeandcave:bacap/animal_milestone	beef
Biomes Milestone	blazeandcave:bacap/biomes_milestone	birch_sapling
Building Milestone	blazeandcave:bacap/building_milestone	oak_planks
Super Challenges Milestone	blazeandcave:bacap/challenges_milestone	ender_eye
Enchanting Milestone	blazeandcave:bacap/enchanting_milestone	enchanting_table
End Milestone	blazeandcave:bacap/end_milestone	end_stone
Farming Milestone	blazeandcave:bacap/farming_milestone	hay_block
Getting Wood	blazeandcave:bacap/getting_wood	oak_log
Mining Milestone	blazeandcave:bacap/mining_milestone	cobblestone
Monsters Milestone	blazeandcave:bacap/monsters_milestone	zombie_head
Nether Milestone	blazeandcave:bacap/nether_milestone	red_nether_bricks
Potions Milestone	blazeandcave:bacap/potion_milestone	potion
Redstone Milestone	blazeandcave:bacap/redstone_milestone	redstone
BlazeandCave's Advancements Pack	blazeandcave:bacap/root	grass_block
Statistics Milestone	blazeandcave:bacap/statistics_milestone	writable_book
Time to Chop!	blazeandcave:bacap/time_to_chop	wooden_axe
Time to Dig!	blazeandcave:bacap/time_to_dig	wooden_shovel
Time to Farm!	blazeandcave:bacap/time_to_farm	wooden_hoe
Time to Mine!	blazeandcave:bacap/time_to_mine	wooden_pickaxe
Time to Strike!	blazeandcave:bacap/time_to_strike	wooden_sword
Weaponry Milestone	blazeandcave:bacap/weaponry_milestone	stone_sword
Ahoy!	blazeandcave:biomes/ahoy	spruce_fence
Atlantis?	blazeandcave:biomes/atlantis	chiseled_stone_bricks
Bamboom!	blazeandcave:biomes/bamboom	bamboo
Barbearian	blazeandcave:biomes/barbearian	polar_bear_spawn_egg
Boatception	blazeandcave:biomes/boatception	spruce_boat
Boaty McBoatface	blazeandcave:biomes/boaty_mcboatface	oak_boat
Captain America	blazeandcave:biomes/captain_america	shield
Cargo Carrier	blazeandcave:biomes/cargo_carrier	spruce_chest_boat
Cold Feet	blazeandcave:biomes/cold_feet	snowball
Construction Worker	blazeandcave:biomes/construction_worker	scaffolding
Dive Bomb	blazeandcave:biomes/dive_bomb	leather_leggings
Dolphin Dasher	blazeandcave:biomes/dolphin_dasher	dolphin_spawn_egg
Echolocation	blazeandcave:biomes/echolocation	cod
Edge of the Jungle	blazeandcave:biomes/edge_of_the_jungle	jungle_sapling
Enchanted Forest	blazeandcave:biomes/enchanted_forest	allium
Everybody Loves Ice!	blazeandcave:biomes/everybody_loves_ice	poisonous_potato
Eyeball Forest	blazeandcave:biomes/eyeball_forest	open_eyeblossom
Fake Copper	blazeandcave:biomes/fake_copper	chiseled_resin_bricks
Flipper	blazeandcave:biomes/flipper	light_blue_wool
Flower Power	blazeandcave:biomes/flower_power	rose_bush
For you, my sweet	blazeandcave:biomes/for_you_my_sweet	poppy
Free Diver	blazeandcave:biomes/free_diver	tube_coral_fan
Heart Breaker	blazeandcave:biomes/heart_breaker	creaking_heart
High Feet	blazeandcave:biomes/high_feet	stone
In a Pickle	blazeandcave:biomes/in_a_pickle	sea_pickle
Just a sample	blazeandcave:biomes/just_a_sample	fire_coral_fan
Just Keep Swimming	blazeandcave:biomes/just_keep_swimming	water_bucket
Kilometre Walk	blazeandcave:biomes/kilometre_walk	leather_boots
Kung Fu Panda!	blazeandcave:biomes/kung_fu_panda	leather_chestplate
Lion Hunter	blazeandcave:biomes/lion_hunter	cod
Moskstraumen	blazeandcave:biomes/moskstraumen	conduit
No Reefing!	blazeandcave:biomes/no_reefing	dead_brain_coral_block
One with the forest	blazeandcave:biomes/one_with_the_forest	oak_sapling
Overgrown!	blazeandcave:biomes/overgrown	jungle_sapling
Pale in Comparison	blazeandcave:biomes/pale_in_comparison	pale_moss_block
Pandamonium	blazeandcave:biomes/pandamonium	cake
Powder-full	blazeandcave:biomes/powder_full	powder_snow_bucket
Pretty in Pink	blazeandcave:biomes/pretty_in_pink	cherry_leaves
Pushed Around	blazeandcave:biomes/pushed_around	magma_block
Qinling	blazeandcave:biomes/qinling	brown_dye
Resinance	blazeandcave:biomes/resinance	resin_clump
Biomes	blazeandcave:biomes/root	birch_sapling
Simba	blazeandcave:biomes/simba	ocelot_spawn_egg
Sleep with the Fishes	blazeandcave:biomes/sleep_with_the_fishes	drowned_spawn_egg
Smooth Operator	blazeandcave:biomes/smooth_operator	ice
So Long & Thanks For The Fish	blazeandcave:biomes/so_long_and_thanks_for_all_the_fish	bowl
Spike Ice!	blazeandcave:biomes/spike_ice	packed_ice
Tarzan	blazeandcave:biomes/tarzan	vine
Ten Thousand Blocks	blazeandcave:biomes/ten_thousand_blocks	iron_boots
There's a zombie on the lawn	blazeandcave:biomes/theres_a_zombie_on_the_lawn	sunflower
The Great Blocky Reef	blazeandcave:biomes/the_great_blocky_reef	brain_coral
The Mighty Jungle	blazeandcave:biomes/the_mighty_jungle	jungle_leaves
The sea calls you...	blazeandcave:biomes/the_sea_calls_you	seagrass
Thick Ice!	blazeandcave:biomes/thick_ice	blue_ice
Thin Ice!	blazeandcave:biomes/thin_ice	ice
This Snow is Snowier	blazeandcave:biomes/this_snow_is_snowier	snow_block
Titanic	blazeandcave:biomes/titanic	dark_oak_fence
Top of the World	blazeandcave:biomes/top_of_the_world	light_blue_dye
Voyage	blazeandcave:biomes/voyage	diamond_boots
Warm Feet	blazeandcave:biomes/warm_feet	dead_bush
We’re Going on a Bear Hunt	blazeandcave:biomes/were_going_on_a_bear_hunt	snow
Wet Feet	blazeandcave:biomes/wet_feet	water_bucket
X Marks the Spot	blazeandcave:biomes/x_marks_the_spot	filled_map
Zoologist	blazeandcave:biomes/zoologist	panda_spawn_egg
Agent Smithing Table	blazeandcave:building/agent_smithing_table	smithing_table
Ah, My Old Enemy...	blazeandcave:building/ah_my_old_enemy	stone_brick_stairs
Aaaaaand... OPEN!	blazeandcave:building/and_open	iron_door
Armor Display	blazeandcave:building/armor_display	netherite_helmet
Art Gallery	blazeandcave:building/art_gallery	green_stained_glass_pane
A Good Start	blazeandcave:building/a_good_start	oak_log
A Masterpiece!	blazeandcave:building/a_masterpiece	painting
Bamboozled	blazeandcave:building/bamboozled	bamboo
Barking Mad	blazeandcave:building/barking_mad	oak_wood
Barrel Rider	blazeandcave:building/barrel_rider	barrel
Blackstonehenge	blazeandcave:building/blackstonehenge	polished_blackstone_bricks
Blast it!	blazeandcave:building/blast_it	blast_furnace
Bricks!	blazeandcave:building/bricks	bricks
Bubble, Bubble, Toil and Trouble!	blazeandcave:building/bubble_bubble_toil_and_trouble	cauldron
Built on Sand, Set in Stone	blazeandcave:building/built_on_sand_set_in_stone	smooth_red_sandstone_stairs
Bulbous!	blazeandcave:building/bulbous	copper_bulb
Camping Out	blazeandcave:building/camping_out	campfire
Cerulean!	blazeandcave:building/cerulean	soul_torch
Change of Sheets	blazeandcave:building/change_of_sheets	light_blue_bed
Cherry Bomb	blazeandcave:building/cherry_bomb	cherry_sapling
Classic Pocket Edition Block	blazeandcave:building/classic_pocket_edition_block	stonecutter
Classy Glassy	blazeandcave:building/classy_glassy	glass
Clay-Dough!	blazeandcave:building/clay_dough	clay_ball
Colors of the Wind	blazeandcave:building/colors_of_the_wind	yellow_dye
Concrete Evidence	blazeandcave:building/concrete_evidence	light_blue_concrete
Crazy Walls	blazeandcave:building/crazy_walls	sandstone_wall
Creepers and Withers	blazeandcave:building/creepers_and_withers	chiseled_sandstone
Cut In Half	blazeandcave:building/cut_in_half	oak_slab
Deepslate Conspiracy	blazeandcave:building/deepslate_conspiracy	deepslate_tiles
Delicious, Hot Schmoes!	blazeandcave:building/delicious_hot_schmoes	rabbit
Electric!	blazeandcave:building/electric	redstone_lamp
Elmer Mudd	blazeandcave:building/elmer_mudd	mud_bricks
En Garde	blazeandcave:building/en_garde	oak_fence
Expensive!	blazeandcave:building/expensive	sea_lantern
Fake fortress	blazeandcave:building/fake_fortress	red_nether_bricks
Fake monument	blazeandcave:building/fake_monument	prismarine_bricks
Fake stronghold	blazeandcave:building/fake_stronghold	cracked_stone_bricks
Festival of Lights	blazeandcave:building/festival_of_lights	lantern
Fluorescent!	blazeandcave:building/fluorescent	end_rod
Fruit of the Looms	blazeandcave:building/fruit_of_the_looms	creeper_banner_pattern
Glowing!	blazeandcave:building/glowing	glowstone
Grass Type	blazeandcave:building/grass_type	podzol
Greek Art Decor	blazeandcave:building/greek_art_decor	chiseled_quartz_block
Halloween!	blazeandcave:building/halloween	jack_o_lantern
Hanging Around	blazeandcave:building/hanging_around	oak_hanging_sign
Happy Birthday!	blazeandcave:building/happy_birthday	cake
Harry Potter	blazeandcave:building/harry_potter	lily_of_the_valley
Help! I've been framed!	blazeandcave:building/help_ive_been_framed	item_frame
Hot Tub	blazeandcave:building/hot_tub	lava_bucket
Insomniac	blazeandcave:building/insomniac	phantom_spawn_egg
It's a Sign!	blazeandcave:building/its_a_sign	oak_sign
It's a Trap!	blazeandcave:building/its_a_trap	oak_trapdoor
Its original form	blazeandcave:building/its_original_form	stone
I don't like sand	blazeandcave:building/i_dont_like_sand	sand
Jailhouse Block	blazeandcave:building/jailhouse_block	iron_bars
Ladder Climbers Inc.	blazeandcave:building/ladder_climbers_inc	ladder
Let There Be Light!	blazeandcave:building/let_there_be_light	soul_lantern
Living Dummy	blazeandcave:building/living_dummy	chainmail_chestplate
Lost Its Bark	blazeandcave:building/lost_its_bark	stripped_oak_wood
Mangrove Master	blazeandcave:building/mangrove_master	mangrove_propagule
Mannequin	blazeandcave:building/mannequin	armor_stand
Master Logger	blazeandcave:building/master_logger	birch_log
No Banner, Only Color!	blazeandcave:building/no_banner_only_color	magenta_banner
No Chain, No Gain	blazeandcave:building/no_chain_no_gain	chain
One Pickle, Two Pickle, Sea Pickle, Four	blazeandcave:building/one_pickle_two_pickle_sea_pickle_four	sea_pickle
Pale Gardener	blazeandcave:building/pale_gardener	pale_oak_sapling
Pane in the Glass	blazeandcave:building/pane_in_the_glass	light_blue_stained_glass_pane
Pathways	blazeandcave:building/pathways	dirt_path
Pot Planter	blazeandcave:building/pot_planter	flower_pot
Prepare to meet your Loom!	blazeandcave:building/prepare_to_meet_your_loom	loom
Professor Birch	blazeandcave:building/professor_birch	birch_sapling
Professor Dark Oak	blazeandcave:building/professor_dark_oak	dark_oak_sapling
Professor Oak	blazeandcave:building/professor_oak	oak_sapling
Rainbow Dreams	blazeandcave:building/rainbow_dreams	magenta_bed
Rainbow Sand	blazeandcave:building/rainbow_sand	light_blue_concrete_powder
Raise the flag!	blazeandcave:building/raise_the_flag	cyan_banner
Rock Collection	blazeandcave:building/rock_collection	granite
Rock Polish	blazeandcave:building/rock_polish	polished_diorite
Building	blazeandcave:building/root	oak_planks
Setting up the mood	blazeandcave:building/setting_up_the_mood	candle
Sharpening Station	blazeandcave:building/sharpening_station	grindstone
Shelf Expression	blazeandcave:building/shelf_expression	chiseled_bookshelf
Shroom Lightyear	blazeandcave:building/shroom_lightyear	shroomlight
Sign Off	blazeandcave:building/sign_off	honeycomb
Skyblock	blazeandcave:building/skyblock	grass_block
Slabs For Days	blazeandcave:building/slabs_for_days	smooth_stone_slab
Smooth, dude!	blazeandcave:building/smooth_dude	smooth_stone
Spawn Camping	blazeandcave:building/spawn_camping	ender_eye
Spruce Lee	blazeandcave:building/spruce_lee	spruce_sapling
Stairs? NOOOOO!	blazeandcave:building/stairs_no	spruce_stairs
Stationary Storage	blazeandcave:building/stationary_storage	chest
Stripper	blazeandcave:building/stripper	stripped_jungle_log
Stuck in the Mud	blazeandcave:building/stuck_in_the_mud	mud
The Acacia King	blazeandcave:building/the_acacia_king	acacia_sapling
The Glazed Terracotta Army	blazeandcave:building/the_glazed_terracotta_army	magenta_glazed_terracotta
The Jungler	blazeandcave:building/the_jungler	jungle_sapling
The Rainbow You Always Wanted	blazeandcave:building/the_rainbow_you_always_wanted	magenta_concrete
The Ritual Begins	blazeandcave:building/the_ritual_begins	black_candle
The Terracotta Army	blazeandcave:building/the_terracotta_army	magenta_terracotta
The Walls	blazeandcave:building/the_walls	cobblestone_wall
Torched!	blazeandcave:building/torched	torch
Translucence	blazeandcave:building/translucence	magenta_stained_glass
Tuff Stuff	blazeandcave:building/tuff_stuff	chiseled_tuff_bricks
Washing Machine	blazeandcave:building/washing_machine	iron_block
What a pane	blazeandcave:building/what_a_pane	glass_pane
Writer's Block	blazeandcave:building/writers_block	lectern
Yay! I got my wood!	blazeandcave:building/yay_i_got_my_wood	acacia_log
Your Door Was Locked	blazeandcave:building/your_door_was_locked	oak_door
Abyss Lord	blazeandcave:challenges/abyss_lord	conduit
Ad Astra	blazeandcave:challenges/ad_astra	firework_rocket
All the Blocks!	blazeandcave:challenges/all_the_blocks	polished_andesite
All the Items!	blazeandcave:challenges/all_the_items	glowstone_dust
A Million Blocks Away	blazeandcave:challenges/a_million_blocks_away	elytra
Biological Warfare	blazeandcave:challenges/biological_warfare	lingering_potion
Constellation	blazeandcave:challenges/constellation	nether_star
Creepergeddon	blazeandcave:challenges/creepergeddon	creeper_head
Death From All	blazeandcave:challenges/death_from_all	mossy_cobblestone_wall
Dragon Army	blazeandcave:challenges/dragon_army	dragon_head
Dragon vs Dragon II	blazeandcave:challenges/dragon_vs_dragon_ii_electric_boogaloo	dragon_head
Dragon vs Wither: Pre-Sequel	blazeandcave:challenges/dragon_vs_wither_the_pre_sequel	player_head
Endergeddon	blazeandcave:challenges/endergeddon	end_portal_frame
Explorer of Worlds	blazeandcave:challenges/explorer_of_worlds	netherite_boots
Farlander	blazeandcave:challenges/farlander	structure_void
Global Vaccination	blazeandcave:challenges/global_vaccination	dragon_breath
Hearts of the Stack	blazeandcave:challenges/hearts_of_the_stack	heart_of_the_sea
Highway to Hell	blazeandcave:challenges/highway_to_hell	netherrack
Immortal	blazeandcave:challenges/immortal	totem_of_undying
I'm in Space!	blazeandcave:challenges/im_in_space	shulker_shell
I am Loot!	blazeandcave:challenges/i_am_loot	chest
Nuclear Fusion	blazeandcave:challenges/nuclear_fusion	trident
Overwarden	blazeandcave:challenges/overwarden	player_head
Poglin!	blazeandcave:challenges/poglin	piglin_head
Potion Master	blazeandcave:challenges/potion_master	splash_potion
Riddle Me This	blazeandcave:challenges/riddle_me_this	map
Rise of the Skeletons	blazeandcave:challenges/rise_of_the_skeletons	skeleton_skull
Super Challenges	blazeandcave:challenges/root	ender_eye
Stack All the Blocks!	blazeandcave:challenges/stack_all_the_blocks	prismarine_bricks
Stack All the Items!	blazeandcave:challenges/stack_all_the_items	popped_chorus_fruit
Stockbroker	blazeandcave:challenges/stockbroker	lectern
Telescopic	blazeandcave:challenges/telescopic	spyglass
The Devil's Distance	blazeandcave:challenges/the_devils_distance	soul_soil
The Perfect Run	blazeandcave:challenges/the_perfect_run	leather_helmet
The World Is Ending	blazeandcave:challenges/the_world_is_ending	player_head
Ultimate Enchanter	blazeandcave:challenges/ultimate_enchanter	enchanted_book
Warlock	blazeandcave:challenges/warlock	beacon
We're in the endgame now	blazeandcave:challenges/were_in_the_endgame_now	end_stone
Zombie Apocalypse	blazeandcave:challenges/zombie_apocalypse	zombie_head
Armor for the masses	blazeandcave:enchanting/armor_for_the_masses	iron_chestplate
A rather pointy fence post	blazeandcave:enchanting/a_rather_pointy_fence_post	oak_fence
Bane of one-shotting spiders	blazeandcave:enchanting/bane_of_one_shotting_spiders	spider_eye
Baron of Blacksmiths	blazeandcave:enchanting/baron_of_blacksmiths	damaged_anvil
Boomerang	blazeandcave:enchanting/boomerang	trident
Bow down to me!	blazeandcave:enchanting/bow_down_to_me	bow
Complete Enchanter	blazeandcave:enchanting/complete_enchanter	experience_bottle
Curses!	blazeandcave:enchanting/curses	creeper_head
Do A Barrel Roll!	blazeandcave:enchanting/do_a_barrel_roll	water_bucket
Fiery	blazeandcave:enchanting/fiery	blaze_powder
Fortunate Son	blazeandcave:enchanting/fortunate_son	golden_pickaxe
God of Thunder	blazeandcave:enchanting/god_of_thunder	trident
Gotta Go Fast!	blazeandcave:enchanting/gotta_go_fast	soul_soil
Handmade Blinding	blazeandcave:enchanting/handmade_blinding	carved_pumpkin
Heavy Metal	blazeandcave:enchanting/heavy_metal	anvil
I'll be back	blazeandcave:enchanting/ill_be_back	black_stained_glass
Knocking Your Socks Off	blazeandcave:enchanting/knocking_your_socks_off	iron_sword
Let It Go!	blazeandcave:enchanting/let_it_go	ice
Librarian	blazeandcave:enchanting/librarian	bookshelf
Like a Cat	blazeandcave:enchanting/like_a_cat	iron_boots
Like a Ninja	blazeandcave:enchanting/like_a_ninja	sculk
Mace Windu	blazeandcave:enchanting/mace_windu	mace
Machine Bow	blazeandcave:enchanting/machine_bow	crossbow
Magical Stockpile	blazeandcave:enchanting/magical_stockpile	experience_bottle
Master Arbalist	blazeandcave:enchanting/master_arbalist	crossbow
Master Armorer	blazeandcave:enchanting/master_armorer	diamond_helmet
Master Axeman	blazeandcave:enchanting/master_axeman	diamond_axe
Master Digger	blazeandcave:enchanting/master_digger	diamond_shovel
Master Enchanter	blazeandcave:enchanting/master_enchanter	enchanting_table
Master Farmer	blazeandcave:enchanting/master_farmer	diamond_hoe
Master Fisher	blazeandcave:enchanting/master_fisher	fishing_rod
Master Knight	blazeandcave:enchanting/master_knight	diamond_sword
Master Macerator	blazeandcave:enchanting/master_macerator	mace
Master Miner	blazeandcave:enchanting/master_miner	diamond_pickaxe
Master Sniper	blazeandcave:enchanting/master_sniper	bow
Master Tridenteer	blazeandcave:enchanting/master_tridenteer	trident
Needle Sharp	blazeandcave:enchanting/needle_sharp	iron_sword
Newton's Flaming Laser Sword	blazeandcave:enchanting/newtons_flaming_laser_sword	flint_and_steel
Overkill	blazeandcave:enchanting/overkill	diamond_sword
Over-Overkill	blazeandcave:enchanting/over_overkill	netherite_axe
Pick Like Silk	blazeandcave:enchanting/pick_like_silk	diamond_ore
Enchanting	blazeandcave:enchanting/root	enchanting_table
Scuba Gear	blazeandcave:enchanting/scuba_gear	water_bucket
Shotbow	blazeandcave:enchanting/shotbow	arrow
Silent But Deadly	blazeandcave:enchanting/silent_but_deadly	diamond_leggings
Super Efficient	blazeandcave:enchanting/super_efficient	iron_pickaxe
This name sounds cooler	blazeandcave:enchanting/this_name_sounds_cooler	diamond_sword
To Infinity And Beyond!	blazeandcave:enchanting/to_infinity_and_beyond	arrow
Unbreakable	blazeandcave:enchanting/unbreakable	bedrock
Undead Slayer	blazeandcave:enchanting/undead_slayer	rotten_flesh
Whack-a-mole	blazeandcave:enchanting/whack_a_mole	armadillo_spawn_egg
Zeus	blazeandcave:enchanting/zeus	end_rod
Anti-Gravity Generator	blazeandcave:end/anti_gravity_generator	light_blue_shulker_box
A Wizard’s Breakfast	blazeandcave:end/a_wizards_breakfast	popped_chorus_fruit
Cow Jumped Over The Moon	blazeandcave:end/cow_jumped_over_the_moon	beef
Dimension Penetration	blazeandcave:end/dimension_penetration	tipped_arrow
Diver's Dozen	blazeandcave:end/divers_dozen	tipped_arrow
Dogfight	blazeandcave:end/dogfight	bow
Dragon Shield	blazeandcave:end/dragon_shield	shield
Dragon vs Dragon	blazeandcave:end/dragon_vs_dragon	dragon_breath
End Bricks!	blazeandcave:end/end_bricks	end_stone_bricks
Event Horizon	blazeandcave:end/event_horizon	ender_eye
Extrabiologist	blazeandcave:end/extrabiologist	chorus_flower
For Mother, Clarence	blazeandcave:end/for_mother_clarence	shulker_box
Getting Chorus	blazeandcave:end/getting_chorus	chorus_fruit
Good Luck Getting This One	blazeandcave:end/good_luck_getting_this_one	spectral_arrow
I'm Coming Back, Murph!	blazeandcave:end/im_coming_back_murph	chorus_flower
In Your Face, Neil Armstrong	blazeandcave:end/in_your_face_neil_armstrong	potato
No! Don't let me leave, Murph!	blazeandcave:end/no_dont_let_me_leave_murph	chorus_plant
Off With His Head!	blazeandcave:end/off_with_his_head	dragon_head
Organizational Wizard	blazeandcave:end/organizational_wizard	anvil
Portable Storage	blazeandcave:end/portable_storage	purple_shulker_box
Purpurfect!	blazeandcave:end/purpurfect	purpur_pillar
Ring of the End	blazeandcave:end/ring_of_the_end	dragon_head
Rocketman	blazeandcave:end/rocketman	firework_star
Shouldn't my shield levitate too?	blazeandcave:end/shouldnt_my_shield_levitate_too	shield
Shulker Breaker	blazeandcave:end/shulker_breaker	shulker_spawn_egg
Sky High	blazeandcave:end/sky_high	feather
Somewhere Over The Rainbow...	blazeandcave:end/somewhere_over_the_rainbow	lime_shulker_box
Some Breakthrough	blazeandcave:end/some_breakthrough	elytra
The Actual End	blazeandcave:end/the_actual_end	player_head
The Beginning	blazeandcave:end/the_beginning	player_head
The Point of No Return	blazeandcave:end/the_point_of_no_return	black_concrete_powder
The Start of Something	blazeandcave:end/the_start_of_something	end_crystal
The Void Frogs	blazeandcave:end/the_void_frogs	pearlescent_froglight
Uh, Houston? We have a problem	blazeandcave:end/uh_houston_we_have_a_problem	firework_rocket
Unending Hell	blazeandcave:end/unending_hell	crimson_nylium
Void Walker	blazeandcave:end/void_walker	leather_boots
What For?	blazeandcave:end/what_for	crying_obsidian
24 Carrot Gold	blazeandcave:farming/24_carrot_gold	golden_carrot
An amazing story!	blazeandcave:farming/an_amazing_story	written_book
An Apple a Day	blazeandcave:farming/an_apple_a_day	apple
Aquatic Biofuel	blazeandcave:farming/aquatic_biofuel	dried_kelp_block
A Gluttonous Diet	blazeandcave:farming/a_gluttonous_diet	rabbit_stew
A Mangrove Grove	blazeandcave:farming/a_mangrove_grove	mangrove_propagule
Bake Bread	blazeandcave:farming/bake_bread	bread
Bapple!	blazeandcave:farming/bapple	apple
Berry Nice!	blazeandcave:farming/berry_nice	sweet_berries
Care For the Environment	blazeandcave:farming/care_for_the_environment	oak_sapling
Castaway	blazeandcave:farming/castaway	dried_kelp
Combine Harvester	blazeandcave:farming/combine_harvester	bone_meal
Come to the countryside!	blazeandcave:farming/come_to_the_countryside	beetroot_seeds
Die, Potato!	blazeandcave:farming/die_potato	potato
Disen Berry Berry Bad!	blazeandcave:farming/disen_berry_berry_bad	spruce_leaves
Ecologist	blazeandcave:farming/ecologist	jungle_sapling
Foliage	blazeandcave:farming/foliage	short_grass
Full Stomach	blazeandcave:farming/full_stomach	beef
Hay there!	blazeandcave:farming/hay_there	hay_block
Hot Chocolate	blazeandcave:farming/hot_chocolate	brown_concrete_powder
I'm gonna be sick!	blazeandcave:farming/im_gonna_be_sick	slime_ball
It's a cactus!	blazeandcave:farming/its_a_cactus	green_dye
It's full of ink	blazeandcave:farming/its_full_of_ink	ink_sac
It's where nutella comes from	blazeandcave:farming/its_where_nutella_comes_from	cocoa_beans
Kelp me!	blazeandcave:farming/kelp_me	kelp
Meat Lovers	blazeandcave:farming/meat_lovers	porkchop
Mega Mushroom	blazeandcave:farming/mega_mushroom	red_mushroom_block
Me Love Cookie	blazeandcave:farming/me_love_cookie	cookie
Mushroom, Mushroom!	blazeandcave:farming/mushroom_mushroom	mushroom_stew
Must be your birthday	blazeandcave:farming/must_be_your_birthday	redstone_torch
Naturally Carved	blazeandcave:farming/naturally_carved	pumpkin
Natural Fertiliser	blazeandcave:farming/natural_fertiliser	podzol
Not Today!	blazeandcave:farming/not_today	poisonous_potato
Olaf	blazeandcave:farming/olaf	snow_block
One-course meal	blazeandcave:farming/one_course_meal	acacia_sapling
Pumpa kungen!	blazeandcave:farming/pumpa_kungen	carved_pumpkin
Farming	blazeandcave:farming/root	hay_block
Scientific Inaccuracy	blazeandcave:farming/scientific_inaccuracy	melon
Shrooms	blazeandcave:farming/shrooms	red_mushroom
Souperman	blazeandcave:farming/souperman	beetroot_soup
Spikey!	blazeandcave:farming/spikey	cactus
Squid Game	blazeandcave:farming/squid_game	squid_spawn_egg
Sugar, Sugar	blazeandcave:farming/sugar_sugar	sugar_cane
Suspicious Looking Stew	blazeandcave:farming/suspicious_looking_stew	suspicious_stew
The garbage will do!	blazeandcave:farming/the_garbage_will_do	composter
The Lie	blazeandcave:farming/the_lie	cake
The Meloncholy Dane	blazeandcave:farming/the_meloncholy_dane	melon
The Melon! The Melon! The Melon!	blazeandcave:farming/the_melon_the_melon_the_melon	melon_slice
The Pie	blazeandcave:farming/the_pie	pumpkin_pie
Trimming the Treetops	blazeandcave:farming/trimming_the_treetops	oak_leaves
Ultra Hardcore	blazeandcave:farming/ultra_hardcore	golden_apple
Undersea Gardener	blazeandcave:farming/undersea_gardener	dried_kelp_block
Unmasked	blazeandcave:farming/unmasked	shears
Vegetarian	blazeandcave:farming/vegetarian	carrot
What's new with composting?	blazeandcave:farming/whats_new_with_composting	oak_leaves
Write your thoughts	blazeandcave:farming/write_your_thoughts	writable_book
Yay! Deadbush!	blazeandcave:farming/yay_deadbush	dead_bush
9 to 5	blazeandcave:mining/9_to_5	music_disc_5
Amethyst Miner	blazeandcave:mining/amethyst_miner	amethyst_block
Aww it broke!	blazeandcave:mining/aww_it_broke	stick
A Shiny Treat	blazeandcave:mining/a_shiny_treat	glow_berries
Blackout	blazeandcave:mining/blackout	tinted_glass
Blind as a Bat	blazeandcave:mining/blind_as_a_bat	black_wool
Bling Bling Gone	blazeandcave:mining/bling_bling_gone	golden_pickaxe
Bonfire Night	blazeandcave:mining/bonfire_night	stripped_spruce_log
Bottom to Top	blazeandcave:mining/bottom_to_top	diorite
Budget Channeling	blazeandcave:mining/budget_channeling	lightning_rod
Bulldozer	blazeandcave:mining/bulldozer	stone
Called Shot	blazeandcave:mining/called_shot	exposed_cut_copper
Chestful of Cobblestone	blazeandcave:mining/chestful_of_cobblestone	cobblestone
Coal Miner	blazeandcave:mining/coal_miner	coal_block
Copper Miner	blazeandcave:mining/copper_miner	raw_copper
Death Pointer	blazeandcave:mining/death_pointer	recovery_compass
Deep Slate Nine	blazeandcave:mining/deep_slate_nine	deepslate
Diamonds to you!	blazeandcave:mining/diamonds_to_you	diamond
Diamond Clad	blazeandcave:mining/diamond_clad	diamond_helmet
Diamond Miner	blazeandcave:mining/diamond_miner	deepslate_diamond_ore
DIAM- oh, wait, no.	blazeandcave:mining/diam_oh_wait_no	lapis_lazuli
Don’t Come a Copper!	blazeandcave:mining/dont_come_a_copper	cut_copper
Dripstone Drop	blazeandcave:mining/dripstone_drop	dripstone_block
Dungeons and Spawners	blazeandcave:mining/dungeons_and_spawners	mossy_cobblestone
Echonomy	blazeandcave:mining/echonomy	echo_shard
Eeuuwww!	blazeandcave:mining/eeuuwww	cobweb
Emerald Miner	blazeandcave:mining/emerald_miner	emerald_ore
Even MOAR Tools	blazeandcave:mining/even_moar_tools	diamond_shovel
Fallen Kingdom	blazeandcave:mining/fallen_kingdom	reinforced_deepslate
Flint Miner	blazeandcave:mining/flint_miner	flint
Fossil Fuel	blazeandcave:mining/fossil_fuel	coal
Frigid Diversions	blazeandcave:mining/frigid_diversions	packed_ice
Galileo Figaro	blazeandcave:mining/galileo_figaro	spyglass
Get a Lode Of This!	blazeandcave:mining/get_a_lode_of_this	lodestone
G.I. Geode	blazeandcave:mining/gi_geode	amethyst_cluster
Gold Mine!	blazeandcave:mining/gold_mine	gold_ore
Gold Miner	blazeandcave:mining/gold_miner	raw_gold
Gold Rush	blazeandcave:mining/gold_rush	gold_ingot
Good For Your Bones	blazeandcave:mining/good_for_your_bones	calcite
Grate Expectations	blazeandcave:mining/grate_expectations	copper_grate
Heart of Darkness	blazeandcave:mining/heart_of_darkness	black_concrete_powder
Hot Topic	blazeandcave:mining/hot_topic	furnace
Iconic Merchandising Prop	blazeandcave:mining/iconic_merchandising_prop	diamond_pickaxe
Iggy	blazeandcave:mining/iggy	flowering_azalea
Iron Man	blazeandcave:mining/iron_man	iron_helmet
Iron Miner	blazeandcave:mining/iron_miner	raw_iron
I yearned for the mines	blazeandcave:mining/i_yearned_for_the_mines	player_head
Lapis Lazuli Miner	blazeandcave:mining/lapis_lazuli_miner	lapis_block
Leaflet Drop	blazeandcave:mining/leaflet_drop	big_dripleaf
Lichen Subscribe	blazeandcave:mining/lichen_subscribe	glow_lichen
Living Like Kings	blazeandcave:mining/living_like_kings	golden_chestplate
Lodes of Applications	blazeandcave:mining/lodes_of_applications	end_stone
Lucky Break	blazeandcave:mining/lucky_break	chainmail_boots
Lush Hour	blazeandcave:mining/lush_hour	moss_block
Master Coal Miner	blazeandcave:mining/master_coal_miner	coal_block
Master Copper Miner	blazeandcave:mining/master_copper_miner	copper_block
Master Diamond Miner	blazeandcave:mining/master_diamond_miner	diamond_block
Master Gold Miner	blazeandcave:mining/master_gold_miner	gold_block
Master Iron Miner	blazeandcave:mining/master_iron_miner	iron_block
Meet The Flintstones	blazeandcave:mining/meet_the_flintstones	flint
Mineral Collection	blazeandcave:mining/mineral_collection	raw_gold_block
MOAR Broken Tools	blazeandcave:mining/moar_broken_tools	shears
MOAR Tools	blazeandcave:mining/moar_tools	stone_shovel
Moss Maker	blazeandcave:mining/moss_maker	moss_carpet
Mr. Bean	blazeandcave:mining/mr_bean	raw_copper_block
My work here is done	blazeandcave:mining/my_work_here_is_done	gravel
Nananananananana...	blazeandcave:mining/nananananananana	bat_spawn_egg
Not Chicken McNuggets?	blazeandcave:mining/not_chicken_mcnuggets	iron_nugget
Obsidian Miner	blazeandcave:mining/obsidian_miner	obsidian
Oresome!	blazeandcave:mining/oresome	deepslate_redstone_ore
Particle Fan	blazeandcave:mining/particle_fan	spore_blossom
Pixel Perfect	blazeandcave:mining/pixel_perfect	structure_void
Redstone Miner	blazeandcave:mining/redstone_miner	redstone_block
Renewable Energy	blazeandcave:mining/renewable_energy	charcoal
Rest in Pickaxes	blazeandcave:mining/rest_in_pickaxes	diamond_pickaxe
Rock Bottom	blazeandcave:mining/rock_bottom	bedrock
Mining	blazeandcave:mining/root	cobblestone
Seeing Red	blazeandcave:mining/seeing_red	redstone
Shriek Forever After	blazeandcave:mining/shriek_forever_after	sculk_shrieker
Sly Copper: The Copper Heist	blazeandcave:mining/sly_copper_the_copper_heist	waxed_weathered_cut_copper_stairs
Smokin' Hot	blazeandcave:mining/smokin_hot	smoker
Spelunker	blazeandcave:mining/spelunker	chainmail_helmet
Stabcraft	blazeandcave:mining/stabcraft	diamond_sword
Steals on Wheels	blazeandcave:mining/steals_on_wheels	chest_minecart
Strike a Light	blazeandcave:mining/strike_a_light	flint_and_steel
That's the point!	blazeandcave:mining/thats_the_point	pointed_dripstone
The Mistake!	blazeandcave:mining/the_mistake	golden_leggings
The Statue of Liberty	blazeandcave:mining/the_statue_of_liberty	oxidized_copper
The way to spawn	blazeandcave:mining/the_way_to_spawn	compass
This Dirt is Dirtier	blazeandcave:mining/this_dirt_is_dirtier	rooted_dirt
This is Mine Now!	blazeandcave:mining/this_is_mine_now	oak_fence
We've broken our last shovel	blazeandcave:mining/weve_broken_our_last_shovel	golden_shovel
What's the time, Mr Wolf?	blazeandcave:mining/whats_the_time_mr_wolf	clock
Where are all your clothes?	blazeandcave:mining/where_are_all_your_clothes	chainmail_leggings
Coppers and Robbers	blazeandcave:mining/youll_never_take_me_alive_copper	copper_ingot
Anti-Air	blazeandcave:monsters/anti_air	bow
Aww man!	blazeandcave:monsters/aww_man	player_head
A Watery Grave	blazeandcave:monsters/a_watery_grave	seagrass
Baby, baby, baby noo!!	blazeandcave:monsters/baby_baby_baby_noo	lever
Basketblock Championship	blazeandcave:monsters/basketblock_championship	red_sand
Because I'm Aquaman!	blazeandcave:monsters/because_im_aquaman	trident
Blast Shield	blazeandcave:monsters/blast_shield	shield
Blind Stare	blazeandcave:monsters/blind_stare	spyglass
Bogged Down	blazeandcave:monsters/bogged_down	slime_ball
Boned	blazeandcave:monsters/boned	bone_meal
Bone-to-party	blazeandcave:monsters/bone_to_party	player_head
Camouflage	blazeandcave:monsters/camouflage	wither_skeleton_skull
Captain Etho	blazeandcave:monsters/captain_etho	trident
Controlled Detonation	blazeandcave:monsters/controlled_detonation	flint_and_steel
Creeper Killer	blazeandcave:monsters/creeper_killer	creeper_spawn_egg
Creepy Heads	blazeandcave:monsters/creepy_heads	creeper_head
Custom Boss Fight!	blazeandcave:monsters/custom_boss_fight	diamond_helmet
Dead Don't Die	blazeandcave:monsters/dead_dont_die	rotten_flesh
Dead Really Don’t Die	blazeandcave:monsters/dead_really_dont_die	totem_of_undying
Desert Nomad	blazeandcave:monsters/desert_nomad	dead_bush
Dungeon Crawler	blazeandcave:monsters/dungeon_crawler	stone_bricks
Enderman Destroyer	blazeandcave:monsters/enderman_destroyer	enderman_spawn_egg
Ender Worm	blazeandcave:monsters/ender_worm	purple_dye
Ew Ew Ew!	blazeandcave:monsters/ew_ew_ew	string
Family Reunion	blazeandcave:monsters/family_reunion	player_head
Freezing	blazeandcave:monsters/freezing	snow_block
Frosty	blazeandcave:monsters/frosty	snowball
Gelatinous Cube	blazeandcave:monsters/gelatinous_cube	slime_ball
Handsome Jack	blazeandcave:monsters/handsome_jack	jack_o_lantern
Hell Hunter	blazeandcave:monsters/hell_hunter	blaze_rod
House of Freaks	blazeandcave:monsters/house_of_freaks	sculk_shrieker
Impossible...	blazeandcave:monsters/impossible	arrow
Iron Belly	blazeandcave:monsters/iron_belly	rotten_flesh
Keep Your Distance	blazeandcave:monsters/keep_your_distance	bow
Maximum Resistance	blazeandcave:monsters/maximum_resistance	netherite_chestplate
Melting	blazeandcave:monsters/melting	sand
Miracle Drink	blazeandcave:monsters/miracle_drink	honey_bottle
Mollusc Man	blazeandcave:monsters/mollusc_man	nautilus_shell
Night Runner	blazeandcave:monsters/night_runner	iron_sword
Not Afraid of Heights	blazeandcave:monsters/not_afraid_of_heights	black_concrete_powder
Now that's a lot of damage	blazeandcave:monsters/now_thats_a_lot_of_damage	sculk_catalyst
Oh no guys I'm o o z i n g	blazeandcave:monsters/oh_no_guys_im_oozing	player_head
Ooh, Baby!	blazeandcave:monsters/ooh_baby	paper
Paleontologist	blazeandcave:monsters/paleontologist	bone_block
Phantom Slayer	blazeandcave:monsters/phantom_slayer	phantom_spawn_egg
Plane Walker	blazeandcave:monsters/plane_walker	ender_eye
Poisonous Ew	blazeandcave:monsters/poisonous_ew	spider_eye
Poison Dart	blazeandcave:monsters/poison_dart	tipped_arrow
Poultry Boy	blazeandcave:monsters/poultry_boy	player_head
Pupil Poppers	blazeandcave:monsters/pupil_poppers	spider_eye
Ricochet Swoop	blazeandcave:monsters/ricochet_swoop	shield
Monsters	blazeandcave:monsters/root	zombie_head
Skeleton Smiter	blazeandcave:monsters/skeleton_smiter	skeleton_spawn_egg
Slime Squisher	blazeandcave:monsters/slime_squisher	slime_spawn_egg
Spider-skeleton	blazeandcave:monsters/spider_skeleton	cobweb
Spider Smasher	blazeandcave:monsters/spider_smasher	spider_spawn_egg
Spooky Skeleton	blazeandcave:monsters/spooky_skeleton	bone
Spooky Skulls	blazeandcave:monsters/spooky_skulls	skeleton_skull
Stealth is Optional	blazeandcave:monsters/stealth_is_optional	sculk_sensor
Still Talking!	blazeandcave:monsters/still_talking	zombie_head
Taste of your own medicine	blazeandcave:monsters/taste_of_your_own_medicine	splash_potion
Tele-Morph	blazeandcave:monsters/tele_morph	ender_pearl
Termite Control	blazeandcave:monsters/termite_control	cracked_stone_bricks
There has to be another way...	blazeandcave:monsters/there_has_to_be_another_way	iron_nugget
The ender of ender	blazeandcave:monsters/the_ender_of_ender	ender_pearl
The Ghastly Eyes	blazeandcave:monsters/the_ghastly_eyes	fermented_spider_eye
The Phantom Menace	blazeandcave:monsters/the_phantom_menace	phantom_membrane
The Undead Cavalry	blazeandcave:monsters/the_undead_cavalry	bone
Trampoline	blazeandcave:monsters/trampoline	slime_block
Trick or Treat!	blazeandcave:monsters/trick_or_treat	carved_pumpkin
Tridented Shield	blazeandcave:monsters/tridented_shield	shield
Void Ender	blazeandcave:monsters/void_ender	ender_pearl
Warden Frostbite	blazeandcave:monsters/warden_frostbite	cyan_stained_glass
We'll handle this	blazeandcave:monsters/well_handle_this	netherrack
What a creep!	blazeandcave:monsters/what_a_creep	gunpowder
Witch!	blazeandcave:monsters/witch	sugar
Zombie Slayer	blazeandcave:monsters/zombie_slayer	zombie_spawn_egg
Anchorman	blazeandcave:nether/anchorman	respawn_anchor
Ancient Restoration	blazeandcave:nether/ancient_restoration	flint_and_steel
Astrobrute	blazeandcave:nether/astrobrute	glass
A Piglin's Best Friend	blazeandcave:nether/a_piglins_best_friend	gold_block
A Soul For A Soul	blazeandcave:nether/a_soul_for_a_soul	soul_campfire
Basis of Brewing	blazeandcave:nether/basis_of_brewing	nether_wart
Beacon Overlord	blazeandcave:nether/beacon_overlord	diamond_block
Blaze Extinguisher	blazeandcave:nether/blaze_extinguisher	blaze_spawn_egg
Bobbleheads	blazeandcave:nether/bobbleheads	strider_spawn_egg
Bring Down The Beast	blazeandcave:nether/bring_down_the_beast	iron_sword
Brute Force	blazeandcave:nether/brute_force	golden_axe
Burnt Right Into Your Soul	blazeandcave:nether/burnt_right_into_your_soul	soul_soil
Cultural Misunderstandings	blazeandcave:nether/cultural_misunderstandings	golden_sword
Dark Ages	blazeandcave:nether/dark_ages	blackstone
Decaying Beauty	blazeandcave:nether/decaying_beauty	wither_rose
Diamonds Are Not Forever	blazeandcave:nether/diamonds_are_not_forever	netherite_ingot
Don't Blink	blazeandcave:nether/dont_blink	weeping_vines
Electrifying Alliance	blazeandcave:nether/electrifying_alliance	trident
Ender's Chest	blazeandcave:nether/enders_chest	ender_chest
Et tu, Brute?	blazeandcave:nether/et_tu_brute	chain
Fire Blast Shield	blazeandcave:nether/fire_blast_shield	shield
Fool Me Twice	blazeandcave:nether/fool_me_twice	netherite_hoe
From Whence It Came!	blazeandcave:nether/from_whence_it_came	obsidian
Ghast Slayer	blazeandcave:nether/ghast_slayer	ghast_spawn_egg
Giant Floating Jellyfish	blazeandcave:nether/giant_floating_jellyfish	gunpowder
Giddy Up!	blazeandcave:nether/giddy_up	hoglin_spawn_egg
Gilded Miner	blazeandcave:nether/gilded_miner	gold_nugget
Gilty!	blazeandcave:nether/gilty	gilded_blackstone
Glowstone Miner	blazeandcave:nether/glowstone_miner	glowstone
Glows in the Dark	blazeandcave:nether/glows_in_the_dark	spectral_arrow
Hell's Bells	blazeandcave:nether/hells_bells	bell
Hell Botanist	blazeandcave:nether/hell_botanist	warped_roots
High Temperature Fluid Monster	blazeandcave:nether/high_temperature_fluid_monster	magma_cream
Holy Scrap!	blazeandcave:nether/holy_scrap	netherite_scrap
Hot Reels!	blazeandcave:nether/hot_reels	fishing_rod
Hot Spring	blazeandcave:nether/hot_spring	water_bucket
Hung, Drawn and Bartered	blazeandcave:nether/hung_drawn_and_bartered	splash_potion
I'm in Lava With You	blazeandcave:nether/im_in_lava_with_you	lava_bucket
Inception	blazeandcave:nether/inception	piston
Instant Mining	blazeandcave:nether/instant_mining	diamond_pickaxe
I am Root	blazeandcave:nether/i_am_root	crimson_roots
Jenga	blazeandcave:nether/jenga	acacia_boat
Legend of Hell Chicken Riders	blazeandcave:nether/legend_of_hell_chicken_riders	player_head
Let Me Out!	blazeandcave:nether/let_me_out	white_bed
Light Show	blazeandcave:nether/light_show	magenta_stained_glass
Limbo Walker	blazeandcave:nether/limbo_walker	bedrock
Ludicrous Speed!	blazeandcave:nether/ludicrous_speed	red_glazed_terracotta
Magma Cube Squisher	blazeandcave:nether/magma_cube_squisher	magma_cube_spawn_egg
Master Netherite Miner	blazeandcave:nether/master_netherite_miner	netherite_ingot
MOAR Upgraded Tools	blazeandcave:nether/moar_upgraded_tools	netherite_pickaxe
Netherite Mad Lad	blazeandcave:nether/netherite_mad_lad	netherite_block
Netherite Miner	blazeandcave:nether/netherite_miner	ancient_debris
Nether Rock Collection	blazeandcave:nether/nether_rock_collection	basalt
Nugget in a Biscuit	blazeandcave:nether/nugget_in_a_biscuit	nether_gold_ore
Piglin Peril	blazeandcave:nether/piglin_peril	piglin_head
Polar Opposites	blazeandcave:nether/polar_opposites	powder_snow_bucket
Quicksand	blazeandcave:nether/quicksand	soul_sand
Roadhog	blazeandcave:nether/roadhog	porkchop
Seeing Stars	blazeandcave:nether/seeing_stars	glowstone_dust
Soul Runnings!	blazeandcave:nether/soul_runnings	netherite_boots
Spreading Corruption	blazeandcave:nether/spreading_corruption	basalt
Stem Research	blazeandcave:nether/stem_research	crimson_stem
Stepping on Legos	blazeandcave:nether/stepping_on_legos	magma_block
The Descent	blazeandcave:nether/the_descent	netherrack
The Hunt Begins	blazeandcave:nether/the_hunt_begins	bone
The Nether's Shield	blazeandcave:nether/the_nethers_shield	shield
The Struggle Nether Ends	blazeandcave:nether/the_struggle_nether_ends	obsidian
The Tribal Snouts	blazeandcave:nether/the_tribal_snouts	gold_nugget
This One’s Mine!	blazeandcave:nether/this_ones_mine	saddle
Time to Fire Back	blazeandcave:nether/time_to_fire_back	fire_charge
Time to Upgrade!	blazeandcave:nether/time_to_upgrade	netherite_upgrade_smithing_template
Twisted	blazeandcave:nether/twisted	twisting_vines
Welcome to Warp Zone!	blazeandcave:nether/welcome_to_warp_zone	warped_planks
We Got a Live One!	blazeandcave:nether/we_got_a_live_one	piglin_spawn_egg
What about Corruption Planks?	blazeandcave:nether/what_about_corruption_planks	crimson_planks
What a Fungi!	blazeandcave:nether/what_a_fungi	warped_fungus
When Hoglins Breed	blazeandcave:nether/when_hoglins_breed	crimson_fungus
When Piglins Fly	blazeandcave:nether/when_piglins_fly	elytra
Whole Hog	blazeandcave:nether/whole_hog	leather
Wub wub wub!	blazeandcave:nether/wub_wub_wub	music_disc_pigstep
Zork Chop	blazeandcave:nether/zork_chop	rotten_flesh
A Furious Test Subject	blazeandcave:potion/a_furious_test_subject	dispenser
A Much More Doable Challenge	blazeandcave:potion/a_much_more_doable_challenge	glass_bottle
A Weak Brew	blazeandcave:potion/a_weak_brew	fermented_spider_eye
Death by Magic	blazeandcave:potion/death_by_magic	splash_potion
Failed Concoctions	blazeandcave:potion/failed_concoctions	potion
Final Shout	blazeandcave:potion/final_shout	splash_potion
Furious Ammunition	blazeandcave:potion/furious_ammunition	tipped_arrow
Gas!	blazeandcave:potion/gas	lingering_potion
Gas Bomb	blazeandcave:potion/gas_bomb	flint_and_steel
Hopping Mad	blazeandcave:potion/hopping_mad	rabbit_foot
Hyper-Healing	blazeandcave:potion/hyper_healing	ghast_tear
Imbued Projectiles	blazeandcave:potion/imbued_projectiles	tipped_arrow
Mad Scientist	blazeandcave:potion/mad_scientist	player_head
Marine Marauder	blazeandcave:potion/marine_marauder	pufferfish
Medic!	blazeandcave:potion/medic	glistering_melon_slice
Nocturnal	blazeandcave:potion/nocturnal	golden_carrot
Noxious Fumes	blazeandcave:potion/noxious_fumes	lingering_potion
Performance-Enhancing Drugs	blazeandcave:potion/performance_enhancing_drugs	sugar
Potions	blazeandcave:potion/root	potion
Secret of the Ooze	blazeandcave:potion/secret_of_the_ooze	slime_block
Stayin' Frosty	blazeandcave:potion/stayin_frosty	magma_cream
Stealth Takedown	blazeandcave:potion/stealth_takedown	iron_sword
Super Strength	blazeandcave:potion/super_strength	blaze_powder
Tank	blazeandcave:potion/tank	turtle_helmet
The Invisible Player	blazeandcave:potion/the_invisible_player	structure_void
True Feather Falling	blazeandcave:potion/true_feather_falling	phantom_membrane
All Aboard!	blazeandcave:redstone/all_aboard	minecart
Bling Plate	blazeandcave:redstone/bling_plate	light_weighted_pressure_plate
Calibration Sensation	blazeandcave:redstone/calibration_sensation	calibrated_sculk_sensor
Cataclyst	blazeandcave:redstone/cataclyst	nether_star
Click!	blazeandcave:redstone/click	oak_button
Comparing Comparator	blazeandcave:redstone/comparing_comparator	comparator
Craftception	blazeandcave:redstone/craftception	crafter
Dispense With This	blazeandcave:redstone/dispense_with_this	dispenser
Electric Rails	blazeandcave:redstone/electric_rails	powered_rail
Engineer	blazeandcave:redstone/engineer	redstone_torch
Factorio	blazeandcave:redstone/factorio	dispenser
Fuel Engine	blazeandcave:redstone/fuel_engine	furnace_minecart
Leveraging Synergy	blazeandcave:redstone/leveraging_synergy	lever
Master Engineer	blazeandcave:redstone/master_engineer	redstone_block
Metal Plate	blazeandcave:redstone/metal_plate	heavy_weighted_pressure_plate
Mobile Explosion	blazeandcave:redstone/mobile_explosion	tnt_minecart
Monstrous Music	blazeandcave:redstone/monstrous_music	piglin_head
Monstrous Sacrifices	blazeandcave:redstone/monstrous_sacrifices	sculk_catalyst
Moving Moving Storage	blazeandcave:redstone/moving_moving_storage	hopper_minecart
Moving Parts	blazeandcave:redstone/moving_parts	piston
Moving Storage	blazeandcave:redstone/moving_storage	chest_minecart
Mozart	blazeandcave:redstone/mozart	note_block
Noteworthy	blazeandcave:redstone/noteworthy	emerald_block
Observer Buddy	blazeandcave:redstone/observer_buddy	observer
On A Rail	blazeandcave:redstone/on_a_rail	rail
Powerful Light	blazeandcave:redstone/powerful_light	redstone_torch
Pressure Detector	blazeandcave:redstone/pressure_detector	detector_rail
Quartz Miner	blazeandcave:redstone/quartz_miner	quartz_block
Quirky Quartz	blazeandcave:redstone/quirky_quartz	quartz
Railwayman	blazeandcave:redstone/railwayman	activator_rail
Repeating Repeater	blazeandcave:redstone/repeating_repeater	repeater
Redstone	blazeandcave:redstone/root	redstone
Sculker Box	blazeandcave:redstone/sculker_box	cyan_shulker_box
Solar Power	blazeandcave:redstone/solar_power	daylight_detector
Space Dropper	blazeandcave:redstone/space_dropper	dropper
Space Hopper	blazeandcave:redstone/space_hopper	hopper
Sticky Parts	blazeandcave:redstone/sticky_parts	sticky_piston
Take Notes	blazeandcave:redstone/take_notes	stick
Target Acquired	blazeandcave:redstone/target_acquired	target
Target Practise	blazeandcave:redstone/target_practise	trident
The Block of Eternal Screaming	blazeandcave:redstone/the_block_of_eternal_screaming	sculk_shrieker
The Incredible Sculk	blazeandcave:redstone/the_incredible_sculk	sculk_vein
Travelling Bard	blazeandcave:redstone/travelling_bard	jukebox
Tripping Over	blazeandcave:redstone/tripping_over	tripwire_hook
Troll Chest	blazeandcave:redstone/troll_chest	trapped_chest
Under Pressure	blazeandcave:redstone/under_pressure	stone_pressure_plate
Vibe Check	blazeandcave:redstone/vibe_check	sculk_sensor
We Have Liftoff!	blazeandcave:redstone/we_have_liftoff	tnt
65	blazeandcave:statistics/65_hours_of_walking	netherite_boots
Ancient Kung Fu Master	blazeandcave:statistics/ancient_kung_fu_master	panda_spawn_egg
Big Spender	blazeandcave:statistics/big_spender	emerald_block
Black Belt Ninja	blazeandcave:statistics/black_belt_ninja	leather_chestplate
Bloodthirsty	blazeandcave:statistics/bloodthirsty	iron_sword
Boing, Boing	blazeandcave:statistics/boing_boing	acacia_leaves
Cupid	blazeandcave:statistics/cupid	beef
Elderly Enchanter	blazeandcave:statistics/elderly_enchanter	trident
Food, Glorious Food!	blazeandcave:statistics/food_glorious_food	golden_carrot
Frequent Flyer	blazeandcave:statistics/frequent_flyer	firework_rocket
Giga XP Grinder	blazeandcave:statistics/giga_xp_grinder	sculk
Global Railway Network	blazeandcave:statistics/global_railway_network	command_block_minecart
Happy New Year!	blazeandcave:statistics/happy_new_year	firework_rocket
Horse Training	blazeandcave:statistics/horse_training	iron_horse_armor
I enjoy long walks & playing MC	blazeandcave:statistics/i_enjoy_long_walks_and_playing_minecraft	diamond_boots
I <3 Chests	blazeandcave:statistics/i_heart_chests	ender_chest
I Like Trains	blazeandcave:statistics/i_like_trains	furnace_minecart
Journeyman Enchanter	blazeandcave:statistics/journeyman_enchanter	diamond_axe
Jumping Jacks	blazeandcave:statistics/jumping_jacks	cyan_carpet
Kill or be Killed	blazeandcave:statistics/kill_or_be_killed	diamond_sword
Laps in the pool	blazeandcave:statistics/laps_in_the_pool	leather_leggings
Level Up	blazeandcave:statistics/level_up	experience_bottle
Lightning McPig	blazeandcave:statistics/lightning_mcpig	player_head
Loot ‘Em!	blazeandcave:statistics/loot_em	chest
Luxury Cruise	blazeandcave:statistics/luxury_cruise	oak_boat
Marathon	blazeandcave:statistics/marathon	grass_block
Minecart Rider	blazeandcave:statistics/minecart_rider	minecart
Mob Hunter	blazeandcave:statistics/mob_hunter	stone_sword
More For Me	blazeandcave:statistics/more_for_me	potion
Natural Sprinter	blazeandcave:statistics/natural_sprinter	red_terracotta
Novice Enchanter	blazeandcave:statistics/novice_enchanter	iron_sword
Olympic Athlete	blazeandcave:statistics/olympic_athlete	golden_leggings
Olympic Gold Medallist	blazeandcave:statistics/olympic_gold_medallist	gold_block
Om Nom Nom	blazeandcave:statistics/om_nom_nom	bread
Out for a stroll	blazeandcave:statistics/out_for_a_stroll	leather_boots
Overlevelling	blazeandcave:statistics/overlevelling	enchanted_book
Passing the Time	blazeandcave:statistics/passing_the_time	clock
Pig Training	blazeandcave:statistics/pig_training	saddle
Pirate Captain	blazeandcave:statistics/pirate_captain	spruce_boat
Statistics	blazeandcave:statistics/root	writable_book
Sailor of the Seven Seas	blazeandcave:statistics/sailor_of_the_seven_seas	dark_oak_boat
Scourge of the West	blazeandcave:statistics/scourge_of_the_west	diamond_horse_armor
Sheriff Firearm	blazeandcave:statistics/sheriff_firearm	golden_horse_armor
Sneaky Snitch	blazeandcave:statistics/sneaky_snitch	leather_boots
Snout 500	blazeandcave:statistics/snout_500	carrot_on_a_stick
Spring in your step	blazeandcave:statistics/spring_in_your_step	oak_fence
STONKS!	blazeandcave:statistics/stonks	egg
Supersonic	blazeandcave:statistics/supersonic	elytra
Take to the Skies	blazeandcave:statistics/take_to_the_skies	phantom_membrane
Taking It In Stride	blazeandcave:statistics/taking_it_in_stride	lava_bucket
The First Night	blazeandcave:statistics/the_first_night	sunflower
The Haggler	blazeandcave:statistics/the_haggler	emerald
The Parrots and the Bats	blazeandcave:statistics/the_parrots_and_the_bats	porkchop
This Ride Is Lit, Yo!	blazeandcave:statistics/this_ride_is_lit_yo	strider_spawn_egg
Two By Two	blazeandcave:statistics/two_by_two	chicken
Who Needs Boats?	blazeandcave:statistics/who_needs_boats	warped_fungus_on_a_stick
Who needs cars?	blazeandcave:statistics/who_needs_cars	iron_boots
XP Grinder	blazeandcave:statistics/xp_grinder	lapis_block
Your legs must be tired	blazeandcave:statistics/your_legs_must_be_tired	chainmail_leggings
Yum Yum Yummo	blazeandcave:statistics/yum_yum_yummo	cooked_beef
NOT AN ADVANCEMENT	blazeandcave:technical/a_wizards_breakfast	cooked_beef
NOT AN ADVANCEMENT	blazeandcave:technical/a_wizards_breakfast_fail	cooked_beef
NOT AN ADVANCEMENT	blazeandcave:technical/bacap_branch_end	cooked_beef
NOT AN ADVANCEMENT	blazeandcave:technical/below_void	cooked_beef
You are a big cheater!	blazeandcave:technical/big_cheater	barrier
NOT AN ADVANCEMENT	blazeandcave:technical/branch1_end	barrier
NOT AN ADVANCEMENT	blazeandcave:technical/branch2_end	barrier
NOT AN ADVANCEMENT	blazeandcave:technical/branch3_end	barrier
NOT AN ADVANCEMENT	blazeandcave:technical/branch4_end	barrier
NOT AN ADVANCEMENT	blazeandcave:technical/branch5_end	barrier
NOT AN ADVANCEMENT	blazeandcave:technical/branch6_end	barrier
NOT AN ADVANCEMENT	blazeandcave:technical/branch7_end	barrier
NOT AN ADVANCEMENT	blazeandcave:technical/branch8_end	barrier
NOT AN ADVANCEMENT	blazeandcave:technical/castaway_fail	barrier
NOT AN ADVANCEMENT	blazeandcave:technical/castaway_start	barrier
You are a big cheater!	blazeandcave:technical/cheater2	barrier
You are a big cheater!	blazeandcave:technical/cheater3	barrier
NOT AN ADVANCEMENT	blazeandcave:technical/consume_food	barrier
NOT AN ADVANCEMENT	blazeandcave:technical/consume_food_null	barrier
NOT AN ADVANCEMENT	blazeandcave:technical/divers_dozen_count	barrier
NOT AN ADVANCEMENT	blazeandcave:technical/factorio_craft	barrier
NOT AN ADVANCEMENT	blazeandcave:technical/fail_dragon_vs	barrier
NOT AN ADVANCEMENT	blazeandcave:technical/feed_parrot_cookie	barrier
NOT AN ADVANCEMENT	blazeandcave:technical/give_piglin_gold	barrier
NOT AN ADVANCEMENT	blazeandcave:technical/goat_horn_use	barrier
NOT AN ADVANCEMENT	blazeandcave:technical/goat_simulator_check	barrier
NOT AN ADVANCEMENT	blazeandcave:technical/inventory_changed	barrier
NOT AN ADVANCEMENT	blazeandcave:technical/just_keeps_going_fail	barrier
NOT AN ADVANCEMENT	blazeandcave:technical/just_keeps_going_start	barrier
NOT AN ADVANCEMENT	blazeandcave:technical/kill_dragon	barrier
NOT AN ADVANCEMENT	blazeandcave:technical/kill_wither	barrier
NOT AN ADVANCEMENT	blazeandcave:technical/lucky_break_check	barrier
NOT AN ADVANCEMENT	blazeandcave:technical/on_a_rail_start	barrier
NOT AN ADVANCEMENT	blazeandcave:technical/open_loot_chest	barrier
NOT AN ADVANCEMENT	blazeandcave:technical/place_painting	barrier
NOT AN ADVANCEMENT	blazeandcave:technical/respawn_dragon	barrier
NOT AN ADVANCEMENT	blazeandcave:technical/respawn_wither	barrier
NOT AN ADVANCEMENT	blazeandcave:technical/return_from_void	barrier
NOT AN ADVANCEMENT	blazeandcave:technical/riddle_eighth_line	barrier
NOT AN ADVANCEMENT	blazeandcave:technical/riddle_fifth_line	barrier
NOT AN ADVANCEMENT	blazeandcave:technical/riddle_first_line	barrier
NOT AN ADVANCEMENT	blazeandcave:technical/riddle_fourth_line	barrier
NOT AN ADVANCEMENT	blazeandcave:technical/riddle_ninth_line	barrier
NOT AN ADVANCEMENT	blazeandcave:technical/riddle_second_line	barrier
NOT AN ADVANCEMENT	blazeandcave:technical/riddle_seventh_line	barrier
NOT AN ADVANCEMENT	blazeandcave:technical/riddle_sixth_line	barrier
NOT AN ADVANCEMENT	blazeandcave:technical/riddle_tenth_line	barrier
NOT AN ADVANCEMENT	blazeandcave:technical/riddle_third_line	barrier
NOT AN ADVANCEMENT	blazeandcave:technical/sound_the_alarm_check	barrier
NOT AN ADVANCEMENT	blazeandcave:technical/spawn_perfect_all	barrier
NOT AN ADVANCEMENT	blazeandcave:technical/spawn_perfect_one	barrier
NOT AN ADVANCEMENT	blazeandcave:technical/stat_branch1_mid	barrier
NOT AN ADVANCEMENT	blazeandcave:technical/stat_branch2_mid	barrier
NOT AN ADVANCEMENT	blazeandcave:technical/stat_branch3_mid	barrier
NOT AN ADVANCEMENT	blazeandcave:technical/stat_branch4_mid	barrier
NOT AN ADVANCEMENT	blazeandcave:technical/stat_branch5_mid	barrier
NOT AN ADVANCEMENT	blazeandcave:technical/stat_branch6_mid	barrier
NOT AN ADVANCEMENT	blazeandcave:technical/stat_branch7_mid	barrier
NOT AN ADVANCEMENT	blazeandcave:technical/stat_branch8_mid	barrier
NOT AN ADVANCEMENT	blazeandcave:technical/stat_branch9_mid	barrier
NOT AN ADVANCEMENT	blazeandcave:technical/unending_hell_end	barrier
NOT AN ADVANCEMENT	blazeandcave:technical/vault_hunter_count	barrier
NOT AN ADVANCEMENT	blazeandcave:technical/whack_a_mole_count	barrier
You are a big cheater!	blazeandcave:technical/you_are_a_big_cheater	barrier
Artillery	blazeandcave:weaponry/artillery	crossbow
Axeman	blazeandcave:weaponry/axeman	diamond_axe
A snowball's chance in hell	blazeandcave:weaponry/a_snowballs_chance_in_hell	blaze_powder
Backfire	blazeandcave:weaponry/backfire	blaze_rod
Bombs Away!	blazeandcave:weaponry/bombs_away	tnt
Bow Spammer	blazeandcave:weaponry/bow_spammer	arrow
Demolitions Expert	blazeandcave:weaponry/demolitions_expert	fire_charge
Diemonds!	blazeandcave:weaponry/diemonds	diamond
Egging, Dude!	blazeandcave:weaponry/egging_dude	egg
Expelliarmus!	blazeandcave:weaponry/expelliarmus	stick
Explosive Fire	blazeandcave:weaponry/explosive_fire	crossbow
Fireworks Display	blazeandcave:weaponry/fireworks_display	firework_rocket
Flying Colors	blazeandcave:weaponry/flying_colors	shield
Half Heart Life	blazeandcave:weaponry/half_heart_life	nether_wart
Indiana Jones	blazeandcave:weaponry/indiana_jones	fishing_rod
Inspector Gadget	blazeandcave:weaponry/inspector_gadget	spyglass
It's time consuming	blazeandcave:weaponry/its_time_consuming	clock
King of the Sea	blazeandcave:weaponry/king_of_the_sea	water_bucket
Loser!	blazeandcave:weaponry/loser	black_banner
Master Shieldsman	blazeandcave:weaponry/master_shieldsman	shield
Multiclassed	blazeandcave:weaponry/multiclassed	netherite_sword
My eyes!	blazeandcave:weaponry/my_eyes	firework_star
Nice to Mace You!	blazeandcave:weaponry/nice_to_mace_you	mace
Pig Fishing Tournament	blazeandcave:weaponry/pig_fishing_tournament	porkchop
Point Blank	blazeandcave:weaponry/point_blank	string
Poseidon vs. Hades	blazeandcave:weaponry/poseidon_vs_hades	fire_charge
Pyrotechnic	blazeandcave:weaponry/pyrotechnic	firework_star
Revenge!	blazeandcave:weaponry/revenge	creeper_head
Rock, Paper, Shears!	blazeandcave:weaponry/rock_paper_shears	shears
Weaponry	blazeandcave:weaponry/root	stone_sword
Shield Luck	blazeandcave:weaponry/shield_luck	rotten_flesh
Shovel Knight	blazeandcave:weaponry/shovel_knight	iron_shovel
Sir Knight	blazeandcave:weaponry/sir_knight	shield
Slapfish	blazeandcave:weaponry/slapfish	cod
Snowball Fight	blazeandcave:weaponry/snowball_fight	snowball
Spleaf	blazeandcave:weaponry/spleaf	big_dripleaf
That is so fletch!	blazeandcave:weaponry/that_is_so_fletch	fletching_table
There's yolk on my head	blazeandcave:weaponry/theres_yolk_on_my_head	zombie_head
There it goes…	blazeandcave:weaponry/there_it_goes	spectral_arrow
The Aquatic Hunter	blazeandcave:weaponry/the_aquatic_hunter	prismarine_shard
The Mighty Hunter	blazeandcave:weaponry/the_mighty_hunter	chicken
Viking	blazeandcave:weaponry/viking	stone_axe
Warden Extinction	blazeandcave:weaponry/warden_extinction	sculk
When Pigs Finally Fly	blazeandcave:weaponry/when_pigs_finally_fly	player_head
Who ya gonna call?	blazeandcave:weaponry/who_ya_gonna_call	ghast_tear
X-Bow	blazeandcave:weaponry/x_bow	tripwire_hook
