acacia_boat	blazeandcave:challenges/stack_all_the_items
acacia_button	blazeandcave:challenges/stack_all_the_blocks
acacia_chest_boat	blazeandcave:challenges/stack_all_the_items
acacia_door	blazeandcave:challenges/stack_all_the_blocks
acacia_fence	blazeandcave:challenges/stack_all_the_blocks
acacia_fence_gate	blazeandcave:challenges/stack_all_the_blocks
acacia_hanging_sign	blazeandcave:challenges/stack_all_the_blocks
acacia_leaves	blazeandcave:challenges/stack_all_the_blocks
acacia_log	blazeandcave:challenges/stack_all_the_blocks
acacia_planks	blazeandcave:challenges/stack_all_the_blocks
acacia_pressure_plate	blazeandcave:challenges/stack_all_the_blocks
acacia_sapling	blazeandcave:challenges/stack_all_the_blocks
acacia_sign	blazeandcave:challenges/stack_all_the_blocks
acacia_slab	blazeandcave:challenges/stack_all_the_blocks
acacia_stairs	blazeandcave:challenges/stack_all_the_blocks
acacia_trapdoor	blazeandcave:challenges/stack_all_the_blocks
acacia_wood	blazeandcave:challenges/stack_all_the_blocks
activator_rail	blazeandcave:challenges/stack_all_the_blocks
allium	blazeandcave:challenges/stack_all_the_blocks
amethyst_block	blazeandcave:challenges/stack_all_the_blocks
amethyst_cluster	blazeandcave:challenges/stack_all_the_blocks
amethyst_shard	blazeandcave:challenges/stack_all_the_items
ancient_debris	blazeandcave:challenges/stack_all_the_blocks
andesite	blazeandcave:challenges/stack_all_the_blocks
andesite_slab	blazeandcave:challenges/stack_all_the_blocks
andesite_stairs	blazeandcave:challenges/stack_all_the_blocks
andesite_wall	blazeandcave:challenges/stack_all_the_blocks
angler_pottery_sherd	blazeandcave:challenges/all_the_items
anvil	blazeandcave:challenges/stack_all_the_blocks
apple	blazeandcave:challenges/stack_all_the_items
archer_pottery_sherd	blazeandcave:challenges/all_the_items
armadillo_scute	blazeandcave:challenges/stack_all_the_items
armor_stand	blazeandcave:challenges/stack_all_the_items
arms_up_pottery_sherd	blazeandcave:challenges/all_the_items
arrow	blazeandcave:challenges/stack_all_the_items
axolotl_bucket	blazeandcave:challenges/stack_all_the_items
azalea	blazeandcave:challenges/stack_all_the_blocks
azalea_leaves	blazeandcave:challenges/stack_all_the_blocks
azure_bluet	blazeandcave:challenges/stack_all_the_blocks
baked_potato	blazeandcave:challenges/stack_all_the_items
bamboo	blazeandcave:challenges/stack_all_the_blocks
bamboo_block	blazeandcave:challenges/stack_all_the_blocks
bamboo_button	blazeandcave:challenges/stack_all_the_blocks
bamboo_chest_raft	blazeandcave:challenges/stack_all_the_items
bamboo_door	blazeandcave:challenges/stack_all_the_blocks
bamboo_fence	blazeandcave:challenges/stack_all_the_blocks
bamboo_fence_gate	blazeandcave:challenges/stack_all_the_blocks
bamboo_hanging_sign	blazeandcave:challenges/stack_all_the_blocks
bamboo_mosaic	blazeandcave:challenges/stack_all_the_blocks
bamboo_mosaic_slab	blazeandcave:challenges/stack_all_the_blocks
bamboo_mosaic_stairs	blazeandcave:challenges/stack_all_the_blocks
bamboo_planks	blazeandcave:challenges/stack_all_the_blocks
bamboo_pressure_plate	blazeandcave:challenges/stack_all_the_blocks
bamboo_raft	blazeandcave:challenges/stack_all_the_items
bamboo_sign	blazeandcave:challenges/stack_all_the_blocks
bamboo_slab	blazeandcave:challenges/stack_all_the_blocks
bamboo_stairs	blazeandcave:challenges/stack_all_the_blocks
bamboo_trapdoor	blazeandcave:challenges/stack_all_the_blocks
barrel	blazeandcave:challenges/stack_all_the_blocks
basalt	blazeandcave:challenges/stack_all_the_blocks
beacon	blazeandcave:challenges/stack_all_the_blocks
bee_nest	blazeandcave:challenges/stack_all_the_blocks
beef	blazeandcave:challenges/stack_all_the_items
beehive	blazeandcave:challenges/stack_all_the_blocks
beetroot	blazeandcave:challenges/stack_all_the_items
beetroot_seeds	blazeandcave:challenges/stack_all_the_items
beetroot_soup	blazeandcave:challenges/stack_all_the_items
bell	blazeandcave:challenges/stack_all_the_blocks
big_dripleaf	blazeandcave:challenges/stack_all_the_blocks
birch_boat	blazeandcave:challenges/stack_all_the_items
birch_button	blazeandcave:challenges/stack_all_the_blocks
birch_chest_boat	blazeandcave:challenges/stack_all_the_items
birch_door	blazeandcave:challenges/stack_all_the_blocks
birch_fence	blazeandcave:challenges/stack_all_the_blocks
birch_fence_gate	blazeandcave:challenges/stack_all_the_blocks
birch_hanging_sign	blazeandcave:challenges/stack_all_the_blocks
birch_leaves	blazeandcave:challenges/stack_all_the_blocks
birch_log	blazeandcave:challenges/stack_all_the_blocks
birch_planks	blazeandcave:challenges/stack_all_the_blocks
birch_pressure_plate	blazeandcave:challenges/stack_all_the_blocks
birch_sapling	blazeandcave:challenges/stack_all_the_blocks
birch_sign	blazeandcave:challenges/stack_all_the_blocks
birch_slab	blazeandcave:challenges/stack_all_the_blocks
birch_stairs	blazeandcave:challenges/stack_all_the_blocks
birch_trapdoor	blazeandcave:challenges/stack_all_the_blocks
birch_wood	blazeandcave:challenges/stack_all_the_blocks
black_banner	blazeandcave:challenges/stack_all_the_blocks
black_bed	blazeandcave:challenges/stack_all_the_blocks
black_bundle	blazeandcave:challenges/stack_all_the_items
black_candle	blazeandcave:challenges/stack_all_the_blocks
black_carpet	blazeandcave:challenges/stack_all_the_blocks
black_concrete	blazeandcave:challenges/stack_all_the_blocks
black_concrete_powder	blazeandcave:challenges/stack_all_the_blocks
black_dye	blazeandcave:challenges/stack_all_the_items
black_glazed_terracotta	blazeandcave:challenges/stack_all_the_blocks
black_shulker_box	blazeandcave:challenges/stack_all_the_blocks
black_stained_glass	blazeandcave:challenges/stack_all_the_blocks
black_stained_glass_pane	blazeandcave:challenges/stack_all_the_blocks
black_terracotta	blazeandcave:challenges/stack_all_the_blocks
black_wool	blazeandcave:challenges/stack_all_the_blocks
blackstone	blazeandcave:challenges/stack_all_the_blocks
blackstone_slab	blazeandcave:challenges/stack_all_the_blocks
blackstone_stairs	blazeandcave:challenges/stack_all_the_blocks
blackstone_wall	blazeandcave:challenges/stack_all_the_blocks
blade_pottery_sherd	blazeandcave:challenges/all_the_items
blast_furnace	blazeandcave:challenges/stack_all_the_blocks
blaze_powder	blazeandcave:challenges/stack_all_the_items
blaze_rod	blazeandcave:challenges/stack_all_the_items
blue_banner	blazeandcave:challenges/stack_all_the_blocks
blue_bed	blazeandcave:challenges/stack_all_the_blocks
blue_bundle	blazeandcave:challenges/stack_all_the_items
blue_candle	blazeandcave:challenges/stack_all_the_blocks
blue_carpet	blazeandcave:challenges/stack_all_the_blocks
blue_concrete	blazeandcave:challenges/stack_all_the_blocks
blue_concrete_powder	blazeandcave:challenges/stack_all_the_blocks
blue_dye	blazeandcave:challenges/stack_all_the_items
blue_glazed_terracotta	blazeandcave:challenges/stack_all_the_blocks
blue_ice	blazeandcave:challenges/stack_all_the_blocks
blue_orchid	blazeandcave:challenges/stack_all_the_blocks
blue_shulker_box	blazeandcave:challenges/stack_all_the_blocks
blue_stained_glass	blazeandcave:challenges/stack_all_the_blocks
blue_stained_glass_pane	blazeandcave:challenges/stack_all_the_blocks
blue_terracotta	blazeandcave:challenges/stack_all_the_blocks
blue_wool	blazeandcave:challenges/stack_all_the_blocks
bolt_armor_trim_smithing_template	blazeandcave:challenges/all_the_items
bone	blazeandcave:challenges/stack_all_the_items
bone_block	blazeandcave:challenges/stack_all_the_blocks
bone_meal	blazeandcave:challenges/stack_all_the_items
book	blazeandcave:challenges/stack_all_the_items
bookshelf	blazeandcave:challenges/stack_all_the_blocks
bordure_indented_banner_pattern	blazeandcave:challenges/stack_all_the_items
bow	blazeandcave:challenges/stack_all_the_items
bowl	blazeandcave:challenges/stack_all_the_items
brain_coral	blazeandcave:challenges/stack_all_the_blocks
brain_coral_block	blazeandcave:challenges/stack_all_the_blocks
brain_coral_fan	blazeandcave:challenges/stack_all_the_blocks
bread	blazeandcave:challenges/stack_all_the_items
breeze_rod	blazeandcave:challenges/stack_all_the_items
brewer_pottery_sherd	blazeandcave:challenges/all_the_items
brewing_stand	blazeandcave:challenges/stack_all_the_blocks
brick	blazeandcave:challenges/stack_all_the_items
brick_slab	blazeandcave:challenges/stack_all_the_blocks
brick_stairs	blazeandcave:challenges/stack_all_the_blocks
brick_wall	blazeandcave:challenges/stack_all_the_blocks
bricks	blazeandcave:challenges/stack_all_the_blocks
brown_banner	blazeandcave:challenges/stack_all_the_blocks
brown_bed	blazeandcave:challenges/stack_all_the_blocks
brown_bundle	blazeandcave:challenges/stack_all_the_items
brown_candle	blazeandcave:challenges/stack_all_the_blocks
brown_carpet	blazeandcave:challenges/stack_all_the_blocks
brown_concrete	blazeandcave:challenges/stack_all_the_blocks
brown_concrete_powder	blazeandcave:challenges/stack_all_the_blocks
brown_dye	blazeandcave:challenges/stack_all_the_items
brown_glazed_terracotta	blazeandcave:challenges/stack_all_the_blocks
brown_mushroom	blazeandcave:challenges/stack_all_the_blocks
brown_mushroom_block	blazeandcave:challenges/stack_all_the_blocks
brown_shulker_box	blazeandcave:challenges/stack_all_the_blocks
brown_stained_glass	blazeandcave:challenges/stack_all_the_blocks
brown_stained_glass_pane	blazeandcave:challenges/stack_all_the_blocks
brown_terracotta	blazeandcave:challenges/stack_all_the_blocks
brown_wool	blazeandcave:challenges/stack_all_the_blocks
brush	blazeandcave:challenges/stack_all_the_items
bubble_coral	blazeandcave:challenges/stack_all_the_blocks
bubble_coral_block	blazeandcave:challenges/stack_all_the_blocks
bubble_coral_fan	blazeandcave:challenges/stack_all_the_blocks
bucket	blazeandcave:challenges/stack_all_the_items
bundle	blazeandcave:challenges/stack_all_the_items
burn_pottery_sherd	blazeandcave:challenges/all_the_items
cactus	blazeandcave:challenges/stack_all_the_blocks
cake	blazeandcave:challenges/stack_all_the_blocks
calcite	blazeandcave:challenges/stack_all_the_blocks
calibrated_sculk_sensor	blazeandcave:challenges/stack_all_the_blocks
campfire	blazeandcave:challenges/stack_all_the_blocks
candle	blazeandcave:challenges/stack_all_the_blocks
carrot	blazeandcave:challenges/stack_all_the_items
carrot_on_a_stick	blazeandcave:challenges/stack_all_the_items
cartography_table	blazeandcave:challenges/stack_all_the_blocks
carved_pumpkin	blazeandcave:challenges/stack_all_the_blocks
cauldron	blazeandcave:challenges/stack_all_the_blocks
chain	blazeandcave:challenges/stack_all_the_blocks
chainmail_boots	blazeandcave:challenges/stack_all_the_items
chainmail_chestplate	blazeandcave:challenges/stack_all_the_items
chainmail_helmet	blazeandcave:challenges/stack_all_the_items
chainmail_leggings	blazeandcave:challenges/stack_all_the_items
charcoal	blazeandcave:challenges/stack_all_the_items
cherry_boat	blazeandcave:challenges/stack_all_the_items
cherry_button	blazeandcave:challenges/stack_all_the_blocks
cherry_chest_boat	blazeandcave:challenges/stack_all_the_items
cherry_door	blazeandcave:challenges/stack_all_the_blocks
cherry_fence	blazeandcave:challenges/stack_all_the_blocks
cherry_fence_gate	blazeandcave:challenges/stack_all_the_blocks
cherry_hanging_sign	blazeandcave:challenges/stack_all_the_blocks
cherry_leaves	blazeandcave:challenges/stack_all_the_blocks
cherry_log	blazeandcave:challenges/stack_all_the_blocks
cherry_planks	blazeandcave:challenges/stack_all_the_blocks
cherry_pressure_plate	blazeandcave:challenges/stack_all_the_blocks
cherry_sapling	blazeandcave:challenges/stack_all_the_blocks
cherry_sign	blazeandcave:challenges/stack_all_the_blocks
cherry_slab	blazeandcave:challenges/stack_all_the_blocks
cherry_stairs	blazeandcave:challenges/stack_all_the_blocks
cherry_trapdoor	blazeandcave:challenges/stack_all_the_blocks
cherry_wood	blazeandcave:challenges/stack_all_the_blocks
chest	blazeandcave:challenges/stack_all_the_blocks
chest_minecart	blazeandcave:challenges/stack_all_the_items
chicken	blazeandcave:challenges/stack_all_the_items
chipped_anvil	blazeandcave:challenges/stack_all_the_blocks
chiseled_bookshelf	blazeandcave:challenges/stack_all_the_blocks
chiseled_copper	blazeandcave:challenges/stack_all_the_blocks
chiseled_deepslate	blazeandcave:challenges/stack_all_the_blocks
chiseled_nether_bricks	blazeandcave:challenges/stack_all_the_blocks
chiseled_polished_blackstone	blazeandcave:challenges/stack_all_the_blocks
chiseled_quartz_block	blazeandcave:challenges/stack_all_the_blocks
chiseled_red_sandstone	blazeandcave:challenges/stack_all_the_blocks
chiseled_resin_bricks	blazeandcave:challenges/stack_all_the_blocks
chiseled_sandstone	blazeandcave:challenges/stack_all_the_blocks
chiseled_stone_bricks	blazeandcave:challenges/stack_all_the_blocks
chiseled_tuff	blazeandcave:challenges/stack_all_the_blocks
chiseled_tuff_bricks	blazeandcave:challenges/stack_all_the_blocks
chorus_flower	blazeandcave:challenges/stack_all_the_blocks
chorus_fruit	blazeandcave:challenges/stack_all_the_items
clay	blazeandcave:challenges/stack_all_the_blocks
clay_ball	blazeandcave:challenges/stack_all_the_items
clock	blazeandcave:challenges/stack_all_the_items
closed_eyeblossom	blazeandcave:challenges/stack_all_the_blocks
coal	blazeandcave:challenges/stack_all_the_items
coal_block	blazeandcave:challenges/stack_all_the_blocks
coal_ore	blazeandcave:challenges/stack_all_the_blocks
coarse_dirt	blazeandcave:challenges/stack_all_the_blocks
coast_armor_trim	blazeandcave:challenges/all_the_items
cobbled_deepslate	blazeandcave:challenges/stack_all_the_blocks
cobbled_deepslate_slab	blazeandcave:challenges/stack_all_the_blocks
cobbled_deepslate_stairs	blazeandcave:challenges/stack_all_the_blocks
cobbled_deepslate_wall	blazeandcave:challenges/stack_all_the_blocks
cobblestone	blazeandcave:challenges/stack_all_the_blocks
cobblestone_slab	blazeandcave:challenges/stack_all_the_blocks
cobblestone_stairs	blazeandcave:challenges/stack_all_the_blocks
cobblestone_wall	blazeandcave:challenges/stack_all_the_blocks
cobweb	blazeandcave:challenges/stack_all_the_blocks
cocoa_beans	blazeandcave:challenges/stack_all_the_items
cod	blazeandcave:challenges/stack_all_the_items
cod_bucket	blazeandcave:challenges/stack_all_the_items
comparator	blazeandcave:challenges/stack_all_the_blocks
compass	blazeandcave:challenges/stack_all_the_items
composter	blazeandcave:challenges/stack_all_the_blocks
conduit	blazeandcave:challenges/stack_all_the_blocks
cooked_beef	blazeandcave:challenges/stack_all_the_items
cooked_chicken	blazeandcave:challenges/stack_all_the_items
cooked_cod	blazeandcave:challenges/stack_all_the_items
cooked_mutton	blazeandcave:challenges/stack_all_the_items
cooked_porkchop	blazeandcave:challenges/stack_all_the_items
cooked_rabbit	blazeandcave:challenges/stack_all_the_items
cooked_salmon	blazeandcave:challenges/stack_all_the_items
cookie	blazeandcave:challenges/stack_all_the_items
copper_block	blazeandcave:challenges/stack_all_the_blocks
copper_bulb	blazeandcave:challenges/stack_all_the_blocks
copper_door	blazeandcave:challenges/stack_all_the_blocks
copper_grate	blazeandcave:challenges/stack_all_the_blocks
copper_ingot	blazeandcave:challenges/stack_all_the_items
copper_ore	blazeandcave:challenges/stack_all_the_blocks
copper_trapdoor	blazeandcave:challenges/stack_all_the_blocks
cornflower	blazeandcave:challenges/stack_all_the_blocks
cracked_deepslate_bricks	blazeandcave:challenges/stack_all_the_blocks
cracked_deepslate_tiles	blazeandcave:challenges/stack_all_the_blocks
cracked_nether_bricks	blazeandcave:challenges/stack_all_the_blocks
cracked_polished_blackstone_bricks	blazeandcave:challenges/stack_all_the_blocks
cracked_stone_bricks	blazeandcave:challenges/stack_all_the_blocks
crafter	blazeandcave:challenges/stack_all_the_blocks
crafting_table	blazeandcave:challenges/stack_all_the_blocks
creaking_heart	blazeandcave:challenges/stack_all_the_blocks
creeper_banner_pattern	blazeandcave:challenges/stack_all_the_items
creeper_head	blazeandcave:challenges/stack_all_the_blocks
crimson_button	blazeandcave:challenges/stack_all_the_blocks
crimson_door	blazeandcave:challenges/stack_all_the_blocks
crimson_fence	blazeandcave:challenges/stack_all_the_blocks
crimson_fence_gate	blazeandcave:challenges/stack_all_the_blocks
crimson_fungus	blazeandcave:challenges/stack_all_the_blocks
crimson_hanging_sign	blazeandcave:challenges/stack_all_the_blocks
crimson_hyphae	blazeandcave:challenges/stack_all_the_blocks
crimson_nylium	blazeandcave:challenges/stack_all_the_blocks
crimson_planks	blazeandcave:challenges/stack_all_the_blocks
crimson_pressure_plate	blazeandcave:challenges/stack_all_the_blocks
crimson_roots	blazeandcave:challenges/stack_all_the_blocks
crimson_sign	blazeandcave:challenges/stack_all_the_blocks
crimson_slab	blazeandcave:challenges/stack_all_the_blocks
crimson_stairs	blazeandcave:challenges/stack_all_the_blocks
crimson_stem	blazeandcave:challenges/stack_all_the_blocks
crimson_trapdoor	blazeandcave:challenges/stack_all_the_blocks
crossbow	blazeandcave:challenges/stack_all_the_items
crying_obsidian	blazeandcave:challenges/stack_all_the_blocks
cut_copper	blazeandcave:challenges/stack_all_the_blocks
cut_copper_slab	blazeandcave:challenges/stack_all_the_blocks
cut_copper_stairs	blazeandcave:challenges/stack_all_the_blocks
cut_red_sandstone	blazeandcave:challenges/stack_all_the_blocks
cut_red_sandstone_slab	blazeandcave:challenges/stack_all_the_blocks
cut_sandstone	blazeandcave:challenges/stack_all_the_blocks
cut_sandstone_slab	blazeandcave:challenges/stack_all_the_blocks
cyan_banner	blazeandcave:challenges/stack_all_the_blocks
cyan_bed	blazeandcave:challenges/stack_all_the_blocks
cyan_bundle	blazeandcave:challenges/stack_all_the_items
cyan_candle	blazeandcave:challenges/stack_all_the_blocks
cyan_carpet	blazeandcave:challenges/stack_all_the_blocks
cyan_concrete	blazeandcave:challenges/stack_all_the_blocks
cyan_concrete_powder	blazeandcave:challenges/stack_all_the_blocks
cyan_dye	blazeandcave:challenges/stack_all_the_items
cyan_glazed_terracotta	blazeandcave:challenges/stack_all_the_blocks
cyan_shulker_box	blazeandcave:challenges/stack_all_the_blocks
cyan_stained_glass	blazeandcave:challenges/stack_all_the_blocks
cyan_stained_glass_pane	blazeandcave:challenges/stack_all_the_blocks
cyan_terracotta	blazeandcave:challenges/stack_all_the_blocks
cyan_wool	blazeandcave:challenges/stack_all_the_blocks
damaged_anvil	blazeandcave:challenges/stack_all_the_blocks
dandelion	blazeandcave:challenges/stack_all_the_blocks
danger_pottery_sherd	blazeandcave:challenges/all_the_items
dark_oak_boat	blazeandcave:challenges/stack_all_the_items
dark_oak_button	blazeandcave:challenges/stack_all_the_blocks
dark_oak_chest_boat	blazeandcave:challenges/stack_all_the_items
dark_oak_door	blazeandcave:challenges/stack_all_the_blocks
dark_oak_fence	blazeandcave:challenges/stack_all_the_blocks
dark_oak_fence_gate	blazeandcave:challenges/stack_all_the_blocks
dark_oak_hanging_sign	blazeandcave:challenges/stack_all_the_blocks
dark_oak_leaves	blazeandcave:challenges/stack_all_the_blocks
dark_oak_log	blazeandcave:challenges/stack_all_the_blocks
dark_oak_planks	blazeandcave:challenges/stack_all_the_blocks
dark_oak_pressure_plate	blazeandcave:challenges/stack_all_the_blocks
dark_oak_sapling	blazeandcave:challenges/stack_all_the_blocks
dark_oak_sign	blazeandcave:challenges/stack_all_the_blocks
dark_oak_slab	blazeandcave:challenges/stack_all_the_blocks
dark_oak_stairs	blazeandcave:challenges/stack_all_the_blocks
dark_oak_trapdoor	blazeandcave:challenges/stack_all_the_blocks
dark_oak_wood	blazeandcave:challenges/stack_all_the_blocks
dark_prismarine	blazeandcave:challenges/stack_all_the_blocks
dark_prismarine_slab	blazeandcave:challenges/stack_all_the_blocks
dark_prismarine_stairs	blazeandcave:challenges/stack_all_the_blocks
daylight_detector	blazeandcave:challenges/stack_all_the_blocks
dead_brain_coral	blazeandcave:challenges/stack_all_the_blocks
dead_brain_coral_block	blazeandcave:challenges/stack_all_the_blocks
dead_brain_coral_fan	blazeandcave:challenges/stack_all_the_blocks
dead_bubble_coral	blazeandcave:challenges/stack_all_the_blocks
dead_bubble_coral_block	blazeandcave:challenges/stack_all_the_blocks
dead_bubble_coral_fan	blazeandcave:challenges/stack_all_the_blocks
dead_bush	blazeandcave:challenges/stack_all_the_blocks
dead_fire_coral	blazeandcave:challenges/stack_all_the_blocks
dead_fire_coral_block	blazeandcave:challenges/stack_all_the_blocks
dead_fire_coral_fan	blazeandcave:challenges/stack_all_the_blocks
dead_horn_coral	blazeandcave:challenges/stack_all_the_blocks
dead_horn_coral_block	blazeandcave:challenges/stack_all_the_blocks
dead_horn_coral_fan	blazeandcave:challenges/stack_all_the_blocks
dead_tube_coral	blazeandcave:challenges/stack_all_the_blocks
dead_tube_coral_block	blazeandcave:challenges/stack_all_the_blocks
dead_tube_coral_fan	blazeandcave:challenges/stack_all_the_blocks
decorated_pot	blazeandcave:challenges/stack_all_the_blocks
deepslate	blazeandcave:challenges/stack_all_the_blocks
deepslate_brick_slab	blazeandcave:challenges/stack_all_the_blocks
deepslate_brick_stairs	blazeandcave:challenges/stack_all_the_blocks
deepslate_brick_wall	blazeandcave:challenges/stack_all_the_blocks
deepslate_bricks	blazeandcave:challenges/stack_all_the_blocks
deepslate_coal_ore	blazeandcave:challenges/stack_all_the_blocks
deepslate_copper_ore	blazeandcave:challenges/stack_all_the_blocks
deepslate_diamond_ore	blazeandcave:challenges/stack_all_the_blocks
deepslate_emerald_ore	blazeandcave:challenges/all_the_blocks
deepslate_gold_ore	blazeandcave:challenges/stack_all_the_blocks
deepslate_iron_ore	blazeandcave:challenges/stack_all_the_blocks
deepslate_lapis_ore	blazeandcave:challenges/stack_all_the_blocks
deepslate_redstone_ore	blazeandcave:challenges/stack_all_the_blocks
deepslate_tile_slab	blazeandcave:challenges/stack_all_the_blocks
deepslate_tile_stairs	blazeandcave:challenges/stack_all_the_blocks
deepslate_tile_wall	blazeandcave:challenges/stack_all_the_blocks
deepslate_tiles	blazeandcave:challenges/stack_all_the_blocks
detector_rail	blazeandcave:challenges/stack_all_the_blocks
diamond	blazeandcave:challenges/stack_all_the_items
diamond_axe	blazeandcave:challenges/stack_all_the_items
diamond_block	blazeandcave:challenges/stack_all_the_blocks
diamond_boots	blazeandcave:challenges/stack_all_the_items
diamond_chestplate	blazeandcave:challenges/stack_all_the_items
diamond_helmet	blazeandcave:challenges/stack_all_the_items
diamond_hoe	blazeandcave:challenges/stack_all_the_items
diamond_horse_armor	blazeandcave:challenges/stack_all_the_items
diamond_leggings	blazeandcave:challenges/stack_all_the_items
diamond_ore	blazeandcave:challenges/stack_all_the_blocks
diamond_pickaxe	blazeandcave:challenges/stack_all_the_items
diamond_shovel	blazeandcave:challenges/stack_all_the_items
diamond_sword	blazeandcave:challenges/stack_all_the_items
diorite	blazeandcave:challenges/stack_all_the_blocks
diorite_slab	blazeandcave:challenges/stack_all_the_blocks
diorite_stairs	blazeandcave:challenges/stack_all_the_blocks
diorite_wall	blazeandcave:challenges/stack_all_the_blocks
dirt	blazeandcave:challenges/stack_all_the_blocks
disc_fragment_5	blazeandcave:challenges/stack_all_the_items
dispenser	blazeandcave:challenges/stack_all_the_blocks
dragon_breath	blazeandcave:challenges/stack_all_the_items
dragon_egg	blazeandcave:challenges/all_the_blocks
dragon_head	blazeandcave:challenges/stack_all_the_blocks
dried_kelp	blazeandcave:challenges/stack_all_the_items
dried_kelp_block	blazeandcave:challenges/stack_all_the_blocks
dripstone_block	blazeandcave:challenges/stack_all_the_blocks
dropper	blazeandcave:challenges/stack_all_the_blocks
dune_armor_trim	blazeandcave:challenges/all_the_items
echo_shard	blazeandcave:challenges/stack_all_the_items
egg	blazeandcave:challenges/stack_all_the_items
elytra	blazeandcave:challenges/stack_all_the_items
emerald	blazeandcave:challenges/stack_all_the_items
emerald_block	blazeandcave:challenges/stack_all_the_blocks
emerald_ore	blazeandcave:challenges/stack_all_the_blocks
enchanted_book	blazeandcave:challenges/stack_all_the_items
enchanted_golden_apple	blazeandcave:challenges/stack_all_the_items
enchanting_table	blazeandcave:challenges/stack_all_the_blocks
end_crystal	blazeandcave:challenges/stack_all_the_items
end_rod	blazeandcave:challenges/stack_all_the_blocks
end_stone	blazeandcave:challenges/stack_all_the_blocks
end_stone_brick_slab	blazeandcave:challenges/stack_all_the_blocks
end_stone_brick_stairs	blazeandcave:challenges/stack_all_the_blocks
end_stone_brick_wall	blazeandcave:challenges/stack_all_the_blocks
end_stone_bricks	blazeandcave:challenges/stack_all_the_blocks
ender_chest	blazeandcave:challenges/stack_all_the_blocks
ender_eye	blazeandcave:challenges/stack_all_the_items
ender_pearl	blazeandcave:challenges/stack_all_the_items
experience_bottle	blazeandcave:challenges/stack_all_the_items
explorer_pottery_sherd	blazeandcave:challenges/all_the_items
exposed_chiseled_copper	blazeandcave:challenges/stack_all_the_blocks
exposed_copper	blazeandcave:challenges/stack_all_the_blocks
exposed_copper_bulb	blazeandcave:challenges/stack_all_the_blocks
exposed_copper_door	blazeandcave:challenges/stack_all_the_blocks
exposed_copper_grate	blazeandcave:challenges/stack_all_the_blocks
exposed_copper_trapdoor	blazeandcave:challenges/stack_all_the_blocks
exposed_cut_copper	blazeandcave:challenges/stack_all_the_blocks
exposed_cut_copper_slab	blazeandcave:challenges/stack_all_the_blocks
exposed_cut_copper_stairs	blazeandcave:challenges/stack_all_the_blocks
eye_armor_trim	blazeandcave:challenges/all_the_items
feather	blazeandcave:challenges/stack_all_the_items
fermented_spider_eye	blazeandcave:challenges/stack_all_the_items
fern	blazeandcave:challenges/stack_all_the_blocks
field_masoned_banner_pattern	blazeandcave:challenges/stack_all_the_items
filled_map	blazeandcave:challenges/stack_all_the_items
fire_charge	blazeandcave:challenges/stack_all_the_items
fire_coral	blazeandcave:challenges/stack_all_the_blocks
fire_coral_block	blazeandcave:challenges/stack_all_the_blocks
fire_coral_fan	blazeandcave:challenges/stack_all_the_blocks
firework_rocket	blazeandcave:challenges/stack_all_the_items
firework_star	blazeandcave:challenges/stack_all_the_items
fishing_rod	blazeandcave:challenges/stack_all_the_items
fletching_table	blazeandcave:challenges/stack_all_the_blocks
flint	blazeandcave:challenges/stack_all_the_items
flint_and_steel	blazeandcave:challenges/stack_all_the_items
flow_armor_trim_smithing_template	blazeandcave:challenges/all_the_items
flow_banner_pattern	blazeandcave:challenges/stack_all_the_items
flow_pottery_sherd	blazeandcave:challenges/all_the_items
flower_banner_pattern	blazeandcave:challenges/stack_all_the_items
flower_pot	blazeandcave:challenges/stack_all_the_blocks
flowering_azalea	blazeandcave:challenges/stack_all_the_blocks
flowering_azalea_leaves	blazeandcave:challenges/stack_all_the_blocks
friend_pottery_sherd	blazeandcave:challenges/all_the_items
furnace	blazeandcave:challenges/stack_all_the_blocks
furnace_minecart	blazeandcave:challenges/stack_all_the_items
ghast_tear	blazeandcave:challenges/stack_all_the_items
gilded_blackstone	blazeandcave:challenges/stack_all_the_blocks
glass	blazeandcave:challenges/stack_all_the_blocks
glass_bottle	blazeandcave:challenges/stack_all_the_items
glass_pane	blazeandcave:challenges/stack_all_the_blocks
glistering_melon_slice	blazeandcave:challenges/stack_all_the_items
globe_banner_pattern	blazeandcave:challenges/stack_all_the_items
glow_berries	blazeandcave:challenges/stack_all_the_items
glow_ink_sac	blazeandcave:challenges/stack_all_the_items
glow_item_frame	blazeandcave:challenges/stack_all_the_items
glow_lichen	blazeandcave:challenges/stack_all_the_blocks
glowstone	blazeandcave:challenges/stack_all_the_blocks
glowstone_dust	blazeandcave:challenges/stack_all_the_items
goat_horn	blazeandcave:challenges/stack_all_the_items
gold_block	blazeandcave:challenges/stack_all_the_blocks
gold_ingot	blazeandcave:challenges/stack_all_the_items
gold_nugget	blazeandcave:challenges/stack_all_the_items
gold_ore	blazeandcave:challenges/stack_all_the_blocks
golden_apple	blazeandcave:challenges/stack_all_the_items
golden_axe	blazeandcave:challenges/stack_all_the_items
golden_boots	blazeandcave:challenges/stack_all_the_items
golden_carrot	blazeandcave:challenges/stack_all_the_items
golden_chestplate	blazeandcave:challenges/stack_all_the_items
golden_helmet	blazeandcave:challenges/stack_all_the_items
golden_hoe	blazeandcave:challenges/stack_all_the_items
golden_horse_armor	blazeandcave:challenges/stack_all_the_items
golden_leggings	blazeandcave:challenges/stack_all_the_items
golden_pickaxe	blazeandcave:challenges/stack_all_the_items
golden_shovel	blazeandcave:challenges/stack_all_the_items
golden_sword	blazeandcave:challenges/stack_all_the_items
granite	blazeandcave:challenges/stack_all_the_blocks
granite_slab	blazeandcave:challenges/stack_all_the_blocks
granite_stairs	blazeandcave:challenges/stack_all_the_blocks
granite_wall	blazeandcave:challenges/stack_all_the_blocks
grass	blazeandcave:challenges/stack_all_the_blocks
grass_block	blazeandcave:challenges/stack_all_the_blocks
gravel	blazeandcave:challenges/stack_all_the_blocks
gray_banner	blazeandcave:challenges/stack_all_the_blocks
gray_bed	blazeandcave:challenges/stack_all_the_blocks
gray_bundle	blazeandcave:challenges/stack_all_the_items
gray_candle	blazeandcave:challenges/stack_all_the_blocks
gray_carpet	blazeandcave:challenges/stack_all_the_blocks
gray_concrete	blazeandcave:challenges/stack_all_the_blocks
gray_concrete_powder	blazeandcave:challenges/stack_all_the_blocks
gray_dye	blazeandcave:challenges/stack_all_the_items
gray_glazed_terracotta	blazeandcave:challenges/stack_all_the_blocks
gray_shulker_box	blazeandcave:challenges/stack_all_the_blocks
gray_stained_glass	blazeandcave:challenges/stack_all_the_blocks
gray_stained_glass_pane	blazeandcave:challenges/stack_all_the_blocks
gray_terracotta	blazeandcave:challenges/stack_all_the_blocks
gray_wool	blazeandcave:challenges/stack_all_the_blocks
green_banner	blazeandcave:challenges/stack_all_the_blocks
green_bed	blazeandcave:challenges/stack_all_the_blocks
green_bundle	blazeandcave:challenges/stack_all_the_items
green_candle	blazeandcave:challenges/stack_all_the_blocks
green_carpet	blazeandcave:challenges/stack_all_the_blocks
green_concrete	blazeandcave:challenges/stack_all_the_blocks
green_concrete_powder	blazeandcave:challenges/stack_all_the_blocks
green_dye	blazeandcave:challenges/stack_all_the_items
green_glazed_terracotta	blazeandcave:challenges/stack_all_the_blocks
green_shulker_box	blazeandcave:challenges/stack_all_the_blocks
green_stained_glass	blazeandcave:challenges/stack_all_the_blocks
green_stained_glass_pane	blazeandcave:challenges/stack_all_the_blocks
green_terracotta	blazeandcave:challenges/stack_all_the_blocks
green_wool	blazeandcave:challenges/stack_all_the_blocks
grindstone	blazeandcave:challenges/stack_all_the_blocks
gunpowder	blazeandcave:challenges/stack_all_the_items
guster_banner_pattern	blazeandcave:challenges/stack_all_the_items
guster_pottery_sherd	blazeandcave:challenges/all_the_items
hanging_roots	blazeandcave:challenges/stack_all_the_blocks
hay_block	blazeandcave:challenges/stack_all_the_blocks
heart_of_the_sea	blazeandcave:challenges/stack_all_the_items
heart_pottery_sherd	blazeandcave:challenges/all_the_items
heartbreak_pottery_sherd	blazeandcave:challenges/all_the_items
heavy_core	blazeandcave:challenges/all_the_blocks
heavy_weighted_pressure_plate	blazeandcave:challenges/stack_all_the_blocks
honey_block	blazeandcave:challenges/stack_all_the_blocks
honey_bottle	blazeandcave:challenges/stack_all_the_items
honeycomb	blazeandcave:challenges/stack_all_the_items
honeycomb_block	blazeandcave:challenges/stack_all_the_blocks
hopper	blazeandcave:challenges/stack_all_the_blocks
hopper_minecart	blazeandcave:challenges/stack_all_the_items
horn_coral	blazeandcave:challenges/stack_all_the_blocks
horn_coral_block	blazeandcave:challenges/stack_all_the_blocks
horn_coral_fan	blazeandcave:challenges/stack_all_the_blocks
host_armor_trim	blazeandcave:challenges/all_the_items
howl_pottery_sherd	blazeandcave:challenges/all_the_items
ice	blazeandcave:challenges/stack_all_the_blocks
ink_sac	blazeandcave:challenges/stack_all_the_items
iron_axe	blazeandcave:challenges/stack_all_the_items
iron_bars	blazeandcave:challenges/stack_all_the_blocks
iron_block	blazeandcave:challenges/stack_all_the_blocks
iron_boots	blazeandcave:challenges/stack_all_the_items
iron_chestplate	blazeandcave:challenges/stack_all_the_items
iron_door	blazeandcave:challenges/stack_all_the_blocks
iron_helmet	blazeandcave:challenges/stack_all_the_items
iron_hoe	blazeandcave:challenges/stack_all_the_items
iron_horse_armor	blazeandcave:challenges/stack_all_the_items
iron_ingot	blazeandcave:challenges/stack_all_the_items
iron_leggings	blazeandcave:challenges/stack_all_the_items
iron_nugget	blazeandcave:challenges/stack_all_the_items
iron_ore	blazeandcave:challenges/stack_all_the_blocks
iron_pickaxe	blazeandcave:challenges/stack_all_the_items
iron_shovel	blazeandcave:challenges/stack_all_the_items
iron_sword	blazeandcave:challenges/stack_all_the_items
iron_trapdoor	blazeandcave:challenges/stack_all_the_blocks
item_frame	blazeandcave:challenges/stack_all_the_items
jack_o_lantern	blazeandcave:challenges/stack_all_the_blocks
jukebox	blazeandcave:challenges/stack_all_the_blocks
jungle_boat	blazeandcave:challenges/stack_all_the_items
jungle_button	blazeandcave:challenges/stack_all_the_blocks
jungle_chest_boat	blazeandcave:challenges/stack_all_the_items
jungle_door	blazeandcave:challenges/stack_all_the_blocks
jungle_fence	blazeandcave:challenges/stack_all_the_blocks
jungle_fence_gate	blazeandcave:challenges/stack_all_the_blocks
jungle_hanging_sign	blazeandcave:challenges/stack_all_the_blocks
jungle_leaves	blazeandcave:challenges/stack_all_the_blocks
jungle_log	blazeandcave:challenges/stack_all_the_blocks
jungle_planks	blazeandcave:challenges/stack_all_the_blocks
jungle_pressure_plate	blazeandcave:challenges/stack_all_the_blocks
jungle_sapling	blazeandcave:challenges/stack_all_the_blocks
jungle_sign	blazeandcave:challenges/stack_all_the_blocks
jungle_slab	blazeandcave:challenges/stack_all_the_blocks
jungle_stairs	blazeandcave:challenges/stack_all_the_blocks
jungle_trapdoor	blazeandcave:challenges/stack_all_the_blocks
jungle_wood	blazeandcave:challenges/stack_all_the_blocks
kelp	blazeandcave:challenges/stack_all_the_items
ladder	blazeandcave:challenges/stack_all_the_blocks
lantern	blazeandcave:challenges/stack_all_the_blocks
lapis_block	blazeandcave:challenges/stack_all_the_blocks
lapis_lazuli	blazeandcave:challenges/stack_all_the_items
lapis_ore	blazeandcave:challenges/stack_all_the_blocks
large_amethyst_bud	blazeandcave:challenges/stack_all_the_blocks
large_fern	blazeandcave:challenges/all_the_blocks
lava_bucket	blazeandcave:challenges/stack_all_the_items
lead	blazeandcave:challenges/stack_all_the_items
leather	blazeandcave:challenges/stack_all_the_items
leather_boots	blazeandcave:challenges/stack_all_the_items
leather_chestplate	blazeandcave:challenges/stack_all_the_items
leather_helmet	blazeandcave:challenges/stack_all_the_items
leather_horse_armor	blazeandcave:challenges/stack_all_the_items
leather_leggings	blazeandcave:challenges/stack_all_the_items
lectern	blazeandcave:challenges/stack_all_the_blocks
lever	blazeandcave:challenges/stack_all_the_blocks
light_blue_banner	blazeandcave:challenges/stack_all_the_blocks
light_blue_bed	blazeandcave:challenges/stack_all_the_blocks
light_blue_bundle	blazeandcave:challenges/stack_all_the_items
light_blue_candle	blazeandcave:challenges/stack_all_the_blocks
light_blue_carpet	blazeandcave:challenges/stack_all_the_blocks
light_blue_concrete	blazeandcave:challenges/stack_all_the_blocks
light_blue_concrete_powder	blazeandcave:challenges/stack_all_the_blocks
light_blue_dye	blazeandcave:challenges/stack_all_the_items
light_blue_glazed_terracotta	blazeandcave:challenges/stack_all_the_blocks
light_blue_shulker_box	blazeandcave:challenges/stack_all_the_blocks
light_blue_stained_glass	blazeandcave:challenges/stack_all_the_blocks
light_blue_stained_glass_pane	blazeandcave:challenges/stack_all_the_blocks
light_blue_terracotta	blazeandcave:challenges/stack_all_the_blocks
light_blue_wool	blazeandcave:challenges/stack_all_the_blocks
light_gray_banner	blazeandcave:challenges/stack_all_the_blocks
light_gray_bed	blazeandcave:challenges/stack_all_the_blocks
light_gray_bundle	blazeandcave:challenges/stack_all_the_items
light_gray_candle	blazeandcave:challenges/stack_all_the_blocks
light_gray_carpet	blazeandcave:challenges/stack_all_the_blocks
light_gray_concrete	blazeandcave:challenges/stack_all_the_blocks
light_gray_concrete_powder	blazeandcave:challenges/stack_all_the_blocks
light_gray_dye	blazeandcave:challenges/stack_all_the_items
light_gray_glazed_terracotta	blazeandcave:challenges/stack_all_the_blocks
light_gray_shulker_box	blazeandcave:challenges/stack_all_the_blocks
light_gray_stained_glass	blazeandcave:challenges/stack_all_the_blocks
light_gray_stained_glass_pane	blazeandcave:challenges/stack_all_the_blocks
light_gray_terracotta	blazeandcave:challenges/stack_all_the_blocks
light_gray_wool	blazeandcave:challenges/stack_all_the_blocks
light_weighted_pressure_plate	blazeandcave:challenges/stack_all_the_blocks
lightning_rod	blazeandcave:challenges/stack_all_the_blocks
lilac	blazeandcave:challenges/stack_all_the_blocks
lily_of_the_valley	blazeandcave:challenges/stack_all_the_blocks
lily_pad	blazeandcave:challenges/stack_all_the_blocks
lime_banner	blazeandcave:challenges/stack_all_the_blocks
lime_bed	blazeandcave:challenges/stack_all_the_blocks
lime_bundle	blazeandcave:challenges/stack_all_the_items
lime_candle	blazeandcave:challenges/stack_all_the_blocks
lime_carpet	blazeandcave:challenges/stack_all_the_blocks
lime_concrete	blazeandcave:challenges/stack_all_the_blocks
lime_concrete_powder	blazeandcave:challenges/stack_all_the_blocks
lime_dye	blazeandcave:challenges/stack_all_the_items
lime_glazed_terracotta	blazeandcave:challenges/stack_all_the_blocks
lime_shulker_box	blazeandcave:challenges/stack_all_the_blocks
lime_stained_glass	blazeandcave:challenges/stack_all_the_blocks
lime_stained_glass_pane	blazeandcave:challenges/stack_all_the_blocks
lime_terracotta	blazeandcave:challenges/stack_all_the_blocks
lime_wool	blazeandcave:challenges/stack_all_the_blocks
lingering_potion	blazeandcave:challenges/stack_all_the_items
lodestone	blazeandcave:challenges/stack_all_the_blocks
loom	blazeandcave:challenges/stack_all_the_blocks
mace	blazeandcave:challenges/stack_all_the_items
magenta_banner	blazeandcave:challenges/stack_all_the_blocks
magenta_bed	blazeandcave:challenges/stack_all_the_blocks
magenta_bundle	blazeandcave:challenges/stack_all_the_items
magenta_candle	blazeandcave:challenges/stack_all_the_blocks
magenta_carpet	blazeandcave:challenges/stack_all_the_blocks
magenta_concrete	blazeandcave:challenges/stack_all_the_blocks
magenta_concrete_powder	blazeandcave:challenges/stack_all_the_blocks
magenta_dye	blazeandcave:challenges/stack_all_the_items
magenta_glazed_terracotta	blazeandcave:challenges/stack_all_the_blocks
magenta_shulker_box	blazeandcave:challenges/stack_all_the_blocks
magenta_stained_glass	blazeandcave:challenges/stack_all_the_blocks
magenta_stained_glass_pane	blazeandcave:challenges/stack_all_the_blocks
magenta_terracotta	blazeandcave:challenges/stack_all_the_blocks
magenta_wool	blazeandcave:challenges/stack_all_the_blocks
magma_block	blazeandcave:challenges/stack_all_the_blocks
magma_cream	blazeandcave:challenges/stack_all_the_items
mangrove_boat	blazeandcave:challenges/stack_all_the_items
mangrove_button	blazeandcave:challenges/stack_all_the_blocks
mangrove_chest_boat	blazeandcave:challenges/stack_all_the_items
mangrove_door	blazeandcave:challenges/stack_all_the_blocks
mangrove_fence	blazeandcave:challenges/stack_all_the_blocks
mangrove_fence_gate	blazeandcave:challenges/stack_all_the_blocks
mangrove_hanging_sign	blazeandcave:challenges/stack_all_the_blocks
mangrove_leaves	blazeandcave:challenges/stack_all_the_blocks
mangrove_log	blazeandcave:challenges/stack_all_the_blocks
mangrove_planks	blazeandcave:challenges/stack_all_the_blocks
mangrove_pressure_plate	blazeandcave:challenges/stack_all_the_blocks
mangrove_propagule	blazeandcave:challenges/stack_all_the_blocks
mangrove_roots	blazeandcave:challenges/stack_all_the_blocks
mangrove_sign	blazeandcave:challenges/stack_all_the_blocks
mangrove_slab	blazeandcave:challenges/stack_all_the_blocks
mangrove_stairs	blazeandcave:challenges/stack_all_the_blocks
mangrove_trapdoor	blazeandcave:challenges/stack_all_the_blocks
mangrove_wood	blazeandcave:challenges/stack_all_the_blocks
map	blazeandcave:challenges/stack_all_the_items
medium_amethyst_bud	blazeandcave:challenges/stack_all_the_blocks
melon	blazeandcave:challenges/stack_all_the_blocks
melon_seeds	blazeandcave:challenges/stack_all_the_items
melon_slice	blazeandcave:challenges/stack_all_the_items
milk_bucket	blazeandcave:challenges/stack_all_the_items
minecart	blazeandcave:challenges/stack_all_the_items
miner_pottery_sherd	blazeandcave:challenges/all_the_items
mojang_banner_pattern	blazeandcave:challenges/stack_all_the_items
moss_block	blazeandcave:challenges/stack_all_the_blocks
moss_carpet	blazeandcave:challenges/stack_all_the_blocks
mossy_cobblestone	blazeandcave:challenges/stack_all_the_blocks
mossy_cobblestone_slab	blazeandcave:challenges/stack_all_the_blocks
mossy_cobblestone_stairs	blazeandcave:challenges/stack_all_the_blocks
mossy_cobblestone_wall	blazeandcave:challenges/stack_all_the_blocks
mossy_stone_brick_slab	blazeandcave:challenges/stack_all_the_blocks
mossy_stone_brick_stairs	blazeandcave:challenges/stack_all_the_blocks
mossy_stone_brick_wall	blazeandcave:challenges/stack_all_the_blocks
mossy_stone_bricks	blazeandcave:challenges/stack_all_the_blocks
mourner_pottery_sherd	blazeandcave:challenges/all_the_items
mud	blazeandcave:challenges/stack_all_the_blocks
mud_brick_slab	blazeandcave:challenges/stack_all_the_blocks
mud_brick_stairs	blazeandcave:challenges/stack_all_the_blocks
mud_brick_wall	blazeandcave:challenges/stack_all_the_blocks
mud_bricks	blazeandcave:challenges/stack_all_the_blocks
muddy_mangrove_roots	blazeandcave:challenges/stack_all_the_blocks
mushroom_stem	blazeandcave:challenges/stack_all_the_blocks
mushroom_stew	blazeandcave:challenges/stack_all_the_items
music_disc_11	blazeandcave:challenges/stack_all_the_items
music_disc_13	blazeandcave:challenges/stack_all_the_items
music_disc_5	blazeandcave:challenges/stack_all_the_items
music_disc_blocks	blazeandcave:challenges/stack_all_the_items
music_disc_cat	blazeandcave:challenges/stack_all_the_items
music_disc_chirp	blazeandcave:challenges/stack_all_the_items
music_disc_creator	blazeandcave:challenges/stack_all_the_items
music_disc_creator_music_box	blazeandcave:challenges/stack_all_the_items
music_disc_far	blazeandcave:challenges/stack_all_the_items
music_disc_mall	blazeandcave:challenges/stack_all_the_items
music_disc_mellohi	blazeandcave:challenges/stack_all_the_items
music_disc_otherside	blazeandcave:challenges/stack_all_the_items
music_disc_pigstep	blazeandcave:challenges/stack_all_the_items
music_disc_precipice	blazeandcave:challenges/stack_all_the_items
music_disc_relic	blazeandcave:challenges/stack_all_the_items
music_disc_stal	blazeandcave:challenges/stack_all_the_items
music_disc_strad	blazeandcave:challenges/stack_all_the_items
music_disc_wait	blazeandcave:challenges/stack_all_the_items
music_disc_ward	blazeandcave:challenges/stack_all_the_items
mutton	blazeandcave:challenges/stack_all_the_items
mycelium	blazeandcave:challenges/stack_all_the_blocks
name_tag	blazeandcave:challenges/stack_all_the_items
nautilus_shell	blazeandcave:challenges/stack_all_the_items
nether_brick	blazeandcave:challenges/stack_all_the_items
nether_brick_fence	blazeandcave:challenges/stack_all_the_blocks
nether_brick_slab	blazeandcave:challenges/stack_all_the_blocks
nether_brick_stairs	blazeandcave:challenges/stack_all_the_blocks
nether_brick_wall	blazeandcave:challenges/stack_all_the_blocks
nether_bricks	blazeandcave:challenges/stack_all_the_blocks
nether_gold_ore	blazeandcave:challenges/stack_all_the_blocks
nether_quartz_ore	blazeandcave:challenges/stack_all_the_blocks
nether_sprouts	blazeandcave:challenges/stack_all_the_blocks
nether_star	blazeandcave:challenges/stack_all_the_items
nether_wart	blazeandcave:challenges/stack_all_the_items
nether_wart_block	blazeandcave:challenges/stack_all_the_blocks
netherite_axe	blazeandcave:challenges/stack_all_the_items
netherite_block	blazeandcave:challenges/all_the_blocks
netherite_boots	blazeandcave:challenges/stack_all_the_items
netherite_chestplate	blazeandcave:challenges/stack_all_the_items
netherite_helmet	blazeandcave:challenges/stack_all_the_items
netherite_hoe	blazeandcave:challenges/stack_all_the_items
netherite_ingot	blazeandcave:challenges/stack_all_the_items
netherite_leggings	blazeandcave:challenges/stack_all_the_items
netherite_pickaxe	blazeandcave:challenges/stack_all_the_items
netherite_scrap	blazeandcave:challenges/stack_all_the_items
netherite_shovel	blazeandcave:challenges/stack_all_the_items
netherite_sword	blazeandcave:challenges/stack_all_the_items
netherite_upgrade	blazeandcave:challenges/all_the_items
netherrack	blazeandcave:challenges/stack_all_the_blocks
note_block	blazeandcave:challenges/stack_all_the_blocks
oak_boat	blazeandcave:challenges/stack_all_the_items
oak_button	blazeandcave:challenges/stack_all_the_blocks
oak_chest_boat	blazeandcave:challenges/stack_all_the_items
oak_door	blazeandcave:challenges/stack_all_the_blocks
oak_fence	blazeandcave:challenges/stack_all_the_blocks
oak_fence_gate	blazeandcave:challenges/stack_all_the_blocks
oak_hanging_sign	blazeandcave:challenges/stack_all_the_blocks
oak_leaves	blazeandcave:challenges/stack_all_the_blocks
oak_log	blazeandcave:challenges/stack_all_the_blocks
oak_planks	blazeandcave:challenges/stack_all_the_blocks
oak_pressure_plate	blazeandcave:challenges/stack_all_the_blocks
oak_sapling	blazeandcave:challenges/stack_all_the_blocks
oak_sign	blazeandcave:challenges/stack_all_the_blocks
oak_slab	blazeandcave:challenges/stack_all_the_blocks
oak_stairs	blazeandcave:challenges/stack_all_the_blocks
oak_trapdoor	blazeandcave:challenges/stack_all_the_blocks
oak_wood	blazeandcave:challenges/stack_all_the_blocks
observer	blazeandcave:challenges/stack_all_the_blocks
obsidian	blazeandcave:challenges/stack_all_the_blocks
ochre_froglight	blazeandcave:challenges/stack_all_the_blocks
ominous_bottle	blazeandcave:challenges/stack_all_the_items
ominous_trial_key	blazeandcave:challenges/stack_all_the_items
open_eyeblossom	blazeandcave:challenges/stack_all_the_blocks
orange_banner	blazeandcave:challenges/stack_all_the_blocks
orange_bed	blazeandcave:challenges/stack_all_the_blocks
orange_bundle	blazeandcave:challenges/stack_all_the_items
orange_candle	blazeandcave:challenges/stack_all_the_blocks
orange_carpet	blazeandcave:challenges/stack_all_the_blocks
orange_concrete	blazeandcave:challenges/stack_all_the_blocks
orange_concrete_powder	blazeandcave:challenges/stack_all_the_blocks
orange_dye	blazeandcave:challenges/stack_all_the_items
orange_glazed_terracotta	blazeandcave:challenges/stack_all_the_blocks
orange_shulker_box	blazeandcave:challenges/stack_all_the_blocks
orange_stained_glass	blazeandcave:challenges/stack_all_the_blocks
orange_stained_glass_pane	blazeandcave:challenges/stack_all_the_blocks
orange_terracotta	blazeandcave:challenges/stack_all_the_blocks
orange_tulip	blazeandcave:challenges/stack_all_the_blocks
orange_wool	blazeandcave:challenges/stack_all_the_blocks
oxeye_daisy	blazeandcave:challenges/stack_all_the_blocks
oxidized_chiseled_copper	blazeandcave:challenges/stack_all_the_blocks
oxidized_copper	blazeandcave:challenges/stack_all_the_blocks
oxidized_copper_bulb	blazeandcave:challenges/stack_all_the_blocks
oxidized_copper_door	blazeandcave:challenges/stack_all_the_blocks
oxidized_copper_grate	blazeandcave:challenges/stack_all_the_blocks
oxidized_copper_trapdoor	blazeandcave:challenges/stack_all_the_blocks
oxidized_cut_copper	blazeandcave:challenges/stack_all_the_blocks
oxidized_cut_copper_slab	blazeandcave:challenges/stack_all_the_blocks
oxidized_cut_copper_stairs	blazeandcave:challenges/stack_all_the_blocks
packed_ice	blazeandcave:challenges/stack_all_the_blocks
packed_mud	blazeandcave:challenges/stack_all_the_blocks
painting	blazeandcave:challenges/stack_all_the_items
pale_hanging_moss	blazeandcave:challenges/stack_all_the_blocks
pale_moss_block	blazeandcave:challenges/stack_all_the_blocks
pale_moss_carpet	blazeandcave:challenges/stack_all_the_blocks
pale_oak_boat	blazeandcave:challenges/stack_all_the_items
pale_oak_button	blazeandcave:challenges/stack_all_the_blocks
pale_oak_chest_boat	blazeandcave:challenges/stack_all_the_items
pale_oak_door	blazeandcave:challenges/stack_all_the_blocks
pale_oak_fence	blazeandcave:challenges/stack_all_the_blocks
pale_oak_fence_gate	blazeandcave:challenges/stack_all_the_blocks
pale_oak_hanging_sign	blazeandcave:challenges/stack_all_the_blocks
pale_oak_leaves	blazeandcave:challenges/stack_all_the_blocks
pale_oak_log	blazeandcave:challenges/stack_all_the_blocks
pale_oak_planks	blazeandcave:challenges/stack_all_the_blocks
pale_oak_pressure_plate	blazeandcave:challenges/stack_all_the_blocks
pale_oak_sapling	blazeandcave:challenges/stack_all_the_blocks
pale_oak_sign	blazeandcave:challenges/stack_all_the_blocks
pale_oak_slab	blazeandcave:challenges/stack_all_the_blocks
pale_oak_stairs	blazeandcave:challenges/stack_all_the_blocks
pale_oak_trapdoor	blazeandcave:challenges/stack_all_the_blocks
pale_oak_wood	blazeandcave:challenges/stack_all_the_blocks
paper	blazeandcave:challenges/stack_all_the_items
pearlescent_froglight	blazeandcave:challenges/stack_all_the_blocks
peony	blazeandcave:challenges/stack_all_the_blocks
phantom_membrane	blazeandcave:challenges/stack_all_the_items
piglin_banner_pattern	blazeandcave:challenges/stack_all_the_items
piglin_head	blazeandcave:challenges/stack_all_the_blocks
pink_banner	blazeandcave:challenges/stack_all_the_blocks
pink_bed	blazeandcave:challenges/stack_all_the_blocks
pink_bundle	blazeandcave:challenges/stack_all_the_items
pink_candle	blazeandcave:challenges/stack_all_the_blocks
pink_carpet	blazeandcave:challenges/stack_all_the_blocks
pink_concrete	blazeandcave:challenges/stack_all_the_blocks
pink_concrete_powder	blazeandcave:challenges/stack_all_the_blocks
pink_dye	blazeandcave:challenges/stack_all_the_items
pink_glazed_terracotta	blazeandcave:challenges/stack_all_the_blocks
pink_petals	blazeandcave:challenges/stack_all_the_blocks
pink_shulker_box	blazeandcave:challenges/stack_all_the_blocks
pink_stained_glass	blazeandcave:challenges/stack_all_the_blocks
pink_stained_glass_pane	blazeandcave:challenges/stack_all_the_blocks
pink_terracotta	blazeandcave:challenges/stack_all_the_blocks
pink_tulip	blazeandcave:challenges/stack_all_the_blocks
pink_wool	blazeandcave:challenges/stack_all_the_blocks
piston	blazeandcave:challenges/stack_all_the_blocks
pitcher_plant	blazeandcave:challenges/stack_all_the_blocks
pitcher_pod	blazeandcave:challenges/stack_all_the_items
plenty_pottery_sherd	blazeandcave:challenges/all_the_items
podzol	blazeandcave:challenges/stack_all_the_blocks
pointed_dripstone	blazeandcave:challenges/stack_all_the_blocks
poisonous_potato	blazeandcave:challenges/stack_all_the_items
polished_andesite	blazeandcave:challenges/stack_all_the_blocks
polished_andesite_slab	blazeandcave:challenges/stack_all_the_blocks
polished_andesite_stairs	blazeandcave:challenges/stack_all_the_blocks
polished_basalt	blazeandcave:challenges/stack_all_the_blocks
polished_blackstone	blazeandcave:challenges/stack_all_the_blocks
polished_blackstone_brick_slab	blazeandcave:challenges/stack_all_the_blocks
polished_blackstone_brick_stairs	blazeandcave:challenges/stack_all_the_blocks
polished_blackstone_brick_wall	blazeandcave:challenges/stack_all_the_blocks
polished_blackstone_bricks	blazeandcave:challenges/stack_all_the_blocks
polished_blackstone_button	blazeandcave:challenges/stack_all_the_blocks
polished_blackstone_pressure_plate	blazeandcave:challenges/stack_all_the_blocks
polished_blackstone_slab	blazeandcave:challenges/stack_all_the_blocks
polished_blackstone_stairs	blazeandcave:challenges/stack_all_the_blocks
polished_blackstone_wall	blazeandcave:challenges/stack_all_the_blocks
polished_deepslate	blazeandcave:challenges/stack_all_the_blocks
polished_deepslate_slab	blazeandcave:challenges/stack_all_the_blocks
polished_deepslate_stairs	blazeandcave:challenges/stack_all_the_blocks
polished_deepslate_wall	blazeandcave:challenges/stack_all_the_blocks
polished_diorite	blazeandcave:challenges/stack_all_the_blocks
polished_diorite_slab	blazeandcave:challenges/stack_all_the_blocks
polished_diorite_stairs	blazeandcave:challenges/stack_all_the_blocks
polished_granite	blazeandcave:challenges/stack_all_the_blocks
polished_granite_slab	blazeandcave:challenges/stack_all_the_blocks
polished_granite_stairs	blazeandcave:challenges/stack_all_the_blocks
polished_tuff	blazeandcave:challenges/stack_all_the_blocks
polished_tuff_slab	blazeandcave:challenges/stack_all_the_blocks
polished_tuff_stairs	blazeandcave:challenges/stack_all_the_blocks
polished_tuff_wall	blazeandcave:challenges/stack_all_the_blocks
popped_chorus_fruit	blazeandcave:challenges/stack_all_the_items
poppy	blazeandcave:challenges/stack_all_the_blocks
porkchop	blazeandcave:challenges/stack_all_the_items
potato	blazeandcave:challenges/stack_all_the_items
potion	blazeandcave:challenges/stack_all_the_items
powder_snow_bucket	blazeandcave:challenges/stack_all_the_items
powered_rail	blazeandcave:challenges/stack_all_the_blocks
prismarine	blazeandcave:challenges/stack_all_the_blocks
prismarine_brick_slab	blazeandcave:challenges/stack_all_the_blocks
prismarine_brick_stairs	blazeandcave:challenges/stack_all_the_blocks
prismarine_bricks	blazeandcave:challenges/stack_all_the_blocks
prismarine_crystals	blazeandcave:challenges/stack_all_the_items
prismarine_shard	blazeandcave:challenges/stack_all_the_items
prismarine_slab	blazeandcave:challenges/stack_all_the_blocks
prismarine_stairs	blazeandcave:challenges/stack_all_the_blocks
prismarine_wall	blazeandcave:challenges/stack_all_the_blocks
prize_pottery_sherd	blazeandcave:challenges/all_the_items
pufferfish	blazeandcave:challenges/stack_all_the_items
pufferfish_bucket	blazeandcave:challenges/stack_all_the_items
pumpkin	blazeandcave:challenges/stack_all_the_blocks
pumpkin_pie	blazeandcave:challenges/stack_all_the_items
pumpkin_seeds	blazeandcave:challenges/stack_all_the_items
purple_banner	blazeandcave:challenges/stack_all_the_blocks
purple_bed	blazeandcave:challenges/stack_all_the_blocks
purple_bundle	blazeandcave:challenges/stack_all_the_items
purple_candle	blazeandcave:challenges/stack_all_the_blocks
purple_carpet	blazeandcave:challenges/stack_all_the_blocks
purple_concrete	blazeandcave:challenges/stack_all_the_blocks
purple_concrete_powder	blazeandcave:challenges/stack_all_the_blocks
purple_dye	blazeandcave:challenges/stack_all_the_items
purple_glazed_terracotta	blazeandcave:challenges/stack_all_the_blocks
purple_shulker_box	blazeandcave:challenges/stack_all_the_blocks
purple_stained_glass	blazeandcave:challenges/stack_all_the_blocks
purple_stained_glass_pane	blazeandcave:challenges/stack_all_the_blocks
purple_terracotta	blazeandcave:challenges/stack_all_the_blocks
purple_wool	blazeandcave:challenges/stack_all_the_blocks
purpur_block	blazeandcave:challenges/stack_all_the_blocks
purpur_pillar	blazeandcave:challenges/stack_all_the_blocks
purpur_slab	blazeandcave:challenges/stack_all_the_blocks
purpur_stairs	blazeandcave:challenges/stack_all_the_blocks
quartz	blazeandcave:challenges/stack_all_the_items
quartz_block	blazeandcave:challenges/stack_all_the_blocks
quartz_bricks	blazeandcave:challenges/stack_all_the_blocks
quartz_pillar	blazeandcave:challenges/stack_all_the_blocks
quartz_slab	blazeandcave:challenges/stack_all_the_blocks
quartz_stairs	blazeandcave:challenges/stack_all_the_blocks
rabbit	blazeandcave:challenges/stack_all_the_items
rabbit_foot	blazeandcave:challenges/stack_all_the_items
rabbit_hide	blazeandcave:challenges/stack_all_the_items
rabbit_stew	blazeandcave:challenges/stack_all_the_items
rail	blazeandcave:challenges/stack_all_the_blocks
raiser_armor_trim	blazeandcave:challenges/all_the_items
raw_copper	blazeandcave:challenges/stack_all_the_items
raw_copper_block	blazeandcave:challenges/stack_all_the_blocks
raw_gold	blazeandcave:challenges/stack_all_the_items
raw_gold_block	blazeandcave:challenges/stack_all_the_blocks
raw_iron	blazeandcave:challenges/stack_all_the_items
raw_iron_block	blazeandcave:challenges/stack_all_the_blocks
recovery_compass	blazeandcave:challenges/all_the_items
red_banner	blazeandcave:challenges/stack_all_the_blocks
red_bed	blazeandcave:challenges/stack_all_the_blocks
red_bundle	blazeandcave:challenges/stack_all_the_items
red_candle	blazeandcave:challenges/stack_all_the_blocks
red_carpet	blazeandcave:challenges/stack_all_the_blocks
red_concrete	blazeandcave:challenges/stack_all_the_blocks
red_concrete_powder	blazeandcave:challenges/stack_all_the_blocks
red_dye	blazeandcave:challenges/stack_all_the_items
red_glazed_terracotta	blazeandcave:challenges/stack_all_the_blocks
red_mushroom	blazeandcave:challenges/stack_all_the_blocks
red_mushroom_block	blazeandcave:challenges/stack_all_the_blocks
red_nether_brick_slab	blazeandcave:challenges/stack_all_the_blocks
red_nether_brick_stairs	blazeandcave:challenges/stack_all_the_blocks
red_nether_brick_wall	blazeandcave:challenges/stack_all_the_blocks
red_nether_bricks	blazeandcave:challenges/stack_all_the_blocks
red_sand	blazeandcave:challenges/stack_all_the_blocks
red_sandstone	blazeandcave:challenges/stack_all_the_blocks
red_sandstone_slab	blazeandcave:challenges/stack_all_the_blocks
red_sandstone_stairs	blazeandcave:challenges/stack_all_the_blocks
red_sandstone_wall	blazeandcave:challenges/stack_all_the_blocks
red_shulker_box	blazeandcave:challenges/stack_all_the_blocks
red_stained_glass	blazeandcave:challenges/stack_all_the_blocks
red_stained_glass_pane	blazeandcave:challenges/stack_all_the_blocks
red_terracotta	blazeandcave:challenges/stack_all_the_blocks
red_tulip	blazeandcave:challenges/stack_all_the_blocks
red_wool	blazeandcave:challenges/stack_all_the_blocks
redstone	blazeandcave:challenges/stack_all_the_items
redstone_block	blazeandcave:challenges/stack_all_the_blocks
redstone_lamp	blazeandcave:challenges/stack_all_the_blocks
redstone_ore	blazeandcave:challenges/stack_all_the_blocks
redstone_torch	blazeandcave:challenges/stack_all_the_blocks
repeater	blazeandcave:challenges/stack_all_the_blocks
resin_block	blazeandcave:challenges/stack_all_the_blocks
resin_brick	blazeandcave:challenges/stack_all_the_items
resin_brick_slab	blazeandcave:challenges/stack_all_the_blocks
resin_brick_stairs	blazeandcave:challenges/stack_all_the_blocks
resin_brick_wall	blazeandcave:challenges/stack_all_the_blocks
resin_bricks	blazeandcave:challenges/stack_all_the_blocks
resin_clump	blazeandcave:challenges/stack_all_the_blocks
respawn_anchor	blazeandcave:challenges/stack_all_the_blocks
rib_armor_trim	blazeandcave:challenges/all_the_items
rooted_dirt	blazeandcave:challenges/stack_all_the_blocks
rose_bush	blazeandcave:challenges/stack_all_the_blocks
rotten_flesh	blazeandcave:challenges/stack_all_the_items
saddle	blazeandcave:challenges/stack_all_the_items
salmon	blazeandcave:challenges/stack_all_the_items
salmon_bucket	blazeandcave:challenges/stack_all_the_items
sand	blazeandcave:challenges/stack_all_the_blocks
sandstone	blazeandcave:challenges/stack_all_the_blocks
sandstone_slab	blazeandcave:challenges/stack_all_the_blocks
sandstone_stairs	blazeandcave:challenges/stack_all_the_blocks
sandstone_wall	blazeandcave:challenges/stack_all_the_blocks
scaffolding	blazeandcave:challenges/stack_all_the_blocks
scrape_pottery_sherd	blazeandcave:challenges/all_the_items
sculk	blazeandcave:challenges/stack_all_the_blocks
sculk_catalyst	blazeandcave:challenges/stack_all_the_blocks
sculk_sensor	blazeandcave:challenges/stack_all_the_blocks
sculk_shrieker	blazeandcave:challenges/stack_all_the_blocks
sculk_vein	blazeandcave:challenges/stack_all_the_blocks
scute	blazeandcave:challenges/stack_all_the_items
sea_lantern	blazeandcave:challenges/stack_all_the_blocks
sea_pickle	blazeandcave:challenges/stack_all_the_blocks
seagrass	blazeandcave:challenges/stack_all_the_blocks
sentry_armor_trim	blazeandcave:challenges/all_the_items
shaper_armor_trim	blazeandcave:challenges/all_the_items
sheaf_pottery_sherd	blazeandcave:challenges/all_the_items
shears	blazeandcave:challenges/stack_all_the_items
shelter_pottery_sherd	blazeandcave:challenges/all_the_items
shield	blazeandcave:challenges/stack_all_the_items
shroomlight	blazeandcave:challenges/stack_all_the_blocks
shulker_box	blazeandcave:challenges/stack_all_the_blocks
shulker_shell	blazeandcave:challenges/stack_all_the_items
silence_armor_trim	blazeandcave:challenges/all_the_items
skeleton_skull	blazeandcave:challenges/stack_all_the_blocks
skull_banner_pattern	blazeandcave:challenges/stack_all_the_items
skull_pottery_sherd	blazeandcave:challenges/all_the_items
slime_ball	blazeandcave:challenges/stack_all_the_items
slime_block	blazeandcave:challenges/stack_all_the_blocks
small_amethyst_bud	blazeandcave:challenges/stack_all_the_blocks
small_dripleaf	blazeandcave:challenges/stack_all_the_blocks
smithing_table	blazeandcave:challenges/stack_all_the_blocks
smithing_template	blazeandcave:challenges/stack_all_the_items
smoker	blazeandcave:challenges/stack_all_the_blocks
smooth_basalt	blazeandcave:challenges/stack_all_the_blocks
smooth_quartz	blazeandcave:challenges/stack_all_the_blocks
smooth_quartz_slab	blazeandcave:challenges/stack_all_the_blocks
smooth_quartz_stairs	blazeandcave:challenges/stack_all_the_blocks
smooth_red_sandstone	blazeandcave:challenges/stack_all_the_blocks
smooth_red_sandstone_slab	blazeandcave:challenges/stack_all_the_blocks
smooth_red_sandstone_stairs	blazeandcave:challenges/stack_all_the_blocks
smooth_sandstone	blazeandcave:challenges/stack_all_the_blocks
smooth_sandstone_slab	blazeandcave:challenges/stack_all_the_blocks
smooth_sandstone_stairs	blazeandcave:challenges/stack_all_the_blocks
smooth_stone	blazeandcave:challenges/stack_all_the_blocks
smooth_stone_slab	blazeandcave:challenges/stack_all_the_blocks
sniffer_egg	blazeandcave:challenges/stack_all_the_blocks
snort_pottery_sherd	blazeandcave:challenges/all_the_items
snout_armor_trim	blazeandcave:challenges/all_the_items
snow	blazeandcave:challenges/stack_all_the_blocks
snow_block	blazeandcave:challenges/stack_all_the_blocks
snowball	blazeandcave:challenges/stack_all_the_items
soul_campfire	blazeandcave:challenges/stack_all_the_blocks
soul_lantern	blazeandcave:challenges/stack_all_the_blocks
soul_sand	blazeandcave:challenges/stack_all_the_blocks
soul_soil	blazeandcave:challenges/stack_all_the_blocks
soul_torch	blazeandcave:challenges/stack_all_the_blocks
spectral_arrow	blazeandcave:challenges/stack_all_the_items
spider_eye	blazeandcave:challenges/stack_all_the_items
spire_armor_trim	blazeandcave:challenges/all_the_items
splash_potion	blazeandcave:challenges/stack_all_the_items
sponge	blazeandcave:challenges/stack_all_the_blocks
spore_blossom	blazeandcave:challenges/stack_all_the_blocks
spruce_boat	blazeandcave:challenges/stack_all_the_items
spruce_button	blazeandcave:challenges/stack_all_the_blocks
spruce_chest_boat	blazeandcave:challenges/stack_all_the_items
spruce_door	blazeandcave:challenges/stack_all_the_blocks
spruce_fence	blazeandcave:challenges/stack_all_the_blocks
spruce_fence_gate	blazeandcave:challenges/stack_all_the_blocks
spruce_hanging_sign	blazeandcave:challenges/stack_all_the_blocks
spruce_leaves	blazeandcave:challenges/stack_all_the_blocks
spruce_log	blazeandcave:challenges/stack_all_the_blocks
spruce_planks	blazeandcave:challenges/stack_all_the_blocks
spruce_pressure_plate	blazeandcave:challenges/stack_all_the_blocks
spruce_sapling	blazeandcave:challenges/stack_all_the_blocks
spruce_sign	blazeandcave:challenges/stack_all_the_blocks
spruce_slab	blazeandcave:challenges/stack_all_the_blocks
spruce_stairs	blazeandcave:challenges/stack_all_the_blocks
spruce_trapdoor	blazeandcave:challenges/stack_all_the_blocks
spruce_wood	blazeandcave:challenges/stack_all_the_blocks
spyglass	blazeandcave:challenges/stack_all_the_items
stick	blazeandcave:challenges/stack_all_the_items
sticky_piston	blazeandcave:challenges/stack_all_the_blocks
stone	blazeandcave:challenges/stack_all_the_blocks
stone_axe	blazeandcave:challenges/stack_all_the_items
stone_brick_slab	blazeandcave:challenges/stack_all_the_blocks
stone_brick_stairs	blazeandcave:challenges/stack_all_the_blocks
stone_brick_wall	blazeandcave:challenges/stack_all_the_blocks
stone_bricks	blazeandcave:challenges/stack_all_the_blocks
stone_button	blazeandcave:challenges/stack_all_the_blocks
stone_hoe	blazeandcave:challenges/stack_all_the_items
stone_pickaxe	blazeandcave:challenges/stack_all_the_items
stone_pressure_plate	blazeandcave:challenges/stack_all_the_blocks
stone_shovel	blazeandcave:challenges/stack_all_the_items
stone_slab	blazeandcave:challenges/stack_all_the_blocks
stone_stairs	blazeandcave:challenges/stack_all_the_blocks
stone_sword	blazeandcave:challenges/stack_all_the_items
stonecutter	blazeandcave:challenges/stack_all_the_blocks
string	blazeandcave:challenges/stack_all_the_items
stripped_acacia_log	blazeandcave:challenges/stack_all_the_blocks
stripped_acacia_wood	blazeandcave:challenges/stack_all_the_blocks
stripped_bamboo_block	blazeandcave:challenges/stack_all_the_blocks
stripped_birch_log	blazeandcave:challenges/stack_all_the_blocks
stripped_birch_wood	blazeandcave:challenges/stack_all_the_blocks
stripped_cherry_log	blazeandcave:challenges/stack_all_the_blocks
stripped_cherry_wood	blazeandcave:challenges/stack_all_the_blocks
stripped_crimson_hyphae	blazeandcave:challenges/stack_all_the_blocks
stripped_crimson_stem	blazeandcave:challenges/stack_all_the_blocks
stripped_dark_oak_log	blazeandcave:challenges/stack_all_the_blocks
stripped_dark_oak_wood	blazeandcave:challenges/stack_all_the_blocks
stripped_jungle_log	blazeandcave:challenges/stack_all_the_blocks
stripped_jungle_wood	blazeandcave:challenges/stack_all_the_blocks
stripped_mangrove_log	blazeandcave:challenges/stack_all_the_blocks
stripped_mangrove_wood	blazeandcave:challenges/stack_all_the_blocks
stripped_oak_log	blazeandcave:challenges/stack_all_the_blocks
stripped_oak_wood	blazeandcave:challenges/stack_all_the_blocks
stripped_pale_oak_log	blazeandcave:challenges/stack_all_the_blocks
stripped_pale_oak_wood	blazeandcave:challenges/stack_all_the_blocks
stripped_spruce_log	blazeandcave:challenges/stack_all_the_blocks
stripped_spruce_wood	blazeandcave:challenges/stack_all_the_blocks
stripped_warped_hyphae	blazeandcave:challenges/stack_all_the_blocks
stripped_warped_stem	blazeandcave:challenges/stack_all_the_blocks
sugar	blazeandcave:challenges/stack_all_the_items
sugar_cane	blazeandcave:challenges/stack_all_the_items
sunflower	blazeandcave:challenges/stack_all_the_blocks
suspicious_gravel	blazeandcave:challenges/all_the_blocks
suspicious_sand	blazeandcave:challenges/all_the_blocks
suspicious_stew	blazeandcave:challenges/stack_all_the_items
sweet_berries	blazeandcave:challenges/stack_all_the_items
tadpole_bucket	blazeandcave:challenges/stack_all_the_items
tall_grass	blazeandcave:challenges/all_the_blocks
target	blazeandcave:challenges/stack_all_the_blocks
terracotta	blazeandcave:challenges/stack_all_the_blocks
tide_armor_trim	blazeandcave:challenges/all_the_items
tinted_glass	blazeandcave:challenges/stack_all_the_blocks
tipped_arrow	blazeandcave:challenges/stack_all_the_items
tnt	blazeandcave:challenges/stack_all_the_blocks
tnt_minecart	blazeandcave:challenges/stack_all_the_items
torch	blazeandcave:challenges/stack_all_the_blocks
torchflower	blazeandcave:challenges/stack_all_the_blocks
torchflower_seeds	blazeandcave:challenges/stack_all_the_items
totem_of_undying	blazeandcave:challenges/stack_all_the_items
trapped_chest	blazeandcave:challenges/stack_all_the_blocks
trial_key	blazeandcave:challenges/stack_all_the_items
trident	blazeandcave:challenges/stack_all_the_items
tripwire_hook	blazeandcave:challenges/stack_all_the_blocks
tropical_fish	blazeandcave:challenges/stack_all_the_items
tropical_fish_bucket	blazeandcave:challenges/stack_all_the_items
tube_coral	blazeandcave:challenges/stack_all_the_blocks
tube_coral_block	blazeandcave:challenges/stack_all_the_blocks
tube_coral_fan	blazeandcave:challenges/stack_all_the_blocks
tuff	blazeandcave:challenges/stack_all_the_blocks
tuff_brick_slab	blazeandcave:challenges/stack_all_the_blocks
tuff_brick_stairs	blazeandcave:challenges/stack_all_the_blocks
tuff_brick_wall	blazeandcave:challenges/stack_all_the_blocks
tuff_bricks	blazeandcave:challenges/stack_all_the_blocks
tuff_slab	blazeandcave:challenges/stack_all_the_blocks
tuff_stairs	blazeandcave:challenges/stack_all_the_blocks
tuff_wall	blazeandcave:challenges/stack_all_the_blocks
turtle_egg	blazeandcave:challenges/stack_all_the_blocks
turtle_helmet	blazeandcave:challenges/stack_all_the_items
twisting_vines	blazeandcave:challenges/stack_all_the_blocks
verdant_froglight	blazeandcave:challenges/stack_all_the_blocks
vex_armor_trim	blazeandcave:challenges/all_the_items
vine	blazeandcave:challenges/stack_all_the_blocks
ward_armor_trim	blazeandcave:challenges/all_the_items
warped_button	blazeandcave:challenges/stack_all_the_blocks
warped_door	blazeandcave:challenges/stack_all_the_blocks
warped_fence	blazeandcave:challenges/stack_all_the_blocks
warped_fence_gate	blazeandcave:challenges/stack_all_the_blocks
warped_fungus	blazeandcave:challenges/stack_all_the_blocks
warped_fungus_on_a_stick	blazeandcave:challenges/stack_all_the_items
warped_hanging_sign	blazeandcave:challenges/stack_all_the_blocks
warped_hyphae	blazeandcave:challenges/stack_all_the_blocks
warped_nylium	blazeandcave:challenges/stack_all_the_blocks
warped_planks	blazeandcave:challenges/stack_all_the_blocks
warped_pressure_plate	blazeandcave:challenges/stack_all_the_blocks
warped_roots	blazeandcave:challenges/stack_all_the_blocks
warped_sign	blazeandcave:challenges/stack_all_the_blocks
warped_slab	blazeandcave:challenges/stack_all_the_blocks
warped_stairs	blazeandcave:challenges/stack_all_the_blocks
warped_stem	blazeandcave:challenges/stack_all_the_blocks
warped_trapdoor	blazeandcave:challenges/stack_all_the_blocks
warped_wart_block	blazeandcave:challenges/stack_all_the_blocks
water_bucket	blazeandcave:challenges/stack_all_the_items
waxed_chiseled_copper	blazeandcave:challenges/stack_all_the_blocks
waxed_copper_block	blazeandcave:challenges/stack_all_the_blocks
waxed_copper_bulb	blazeandcave:challenges/stack_all_the_blocks
waxed_copper_door	blazeandcave:challenges/stack_all_the_blocks
waxed_copper_grate	blazeandcave:challenges/stack_all_the_blocks
waxed_copper_trapdoor	blazeandcave:challenges/stack_all_the_blocks
waxed_cut_copper	blazeandcave:challenges/stack_all_the_blocks
waxed_cut_copper_slab	blazeandcave:challenges/stack_all_the_blocks
waxed_cut_copper_stairs	blazeandcave:challenges/stack_all_the_blocks
waxed_exposed_chiseled_copper	blazeandcave:challenges/stack_all_the_blocks
waxed_exposed_copper	blazeandcave:challenges/stack_all_the_blocks
waxed_exposed_copper_bulb	blazeandcave:challenges/stack_all_the_blocks
waxed_exposed_copper_door	blazeandcave:challenges/stack_all_the_blocks
waxed_exposed_copper_grate	blazeandcave:challenges/stack_all_the_blocks
waxed_exposed_copper_trapdoor	blazeandcave:challenges/stack_all_the_blocks
waxed_exposed_cut_copper	blazeandcave:challenges/stack_all_the_blocks
waxed_exposed_cut_copper_slab	blazeandcave:challenges/stack_all_the_blocks
waxed_exposed_cut_copper_stairs	blazeandcave:challenges/stack_all_the_blocks
waxed_oxidized_chiseled_copper	blazeandcave:challenges/stack_all_the_blocks
waxed_oxidized_copper	blazeandcave:challenges/stack_all_the_blocks
waxed_oxidized_copper_bulb	blazeandcave:challenges/stack_all_the_blocks
waxed_oxidized_copper_door	blazeandcave:challenges/stack_all_the_blocks
waxed_oxidized_copper_grate	blazeandcave:challenges/stack_all_the_blocks
waxed_oxidized_copper_trapdoor	blazeandcave:challenges/stack_all_the_blocks
waxed_oxidized_cut_copper	blazeandcave:challenges/stack_all_the_blocks
waxed_oxidized_cut_copper_slab	blazeandcave:challenges/stack_all_the_blocks
waxed_oxidized_cut_copper_stairs	blazeandcave:challenges/stack_all_the_blocks
waxed_weathered_chiseled_copper	blazeandcave:challenges/stack_all_the_blocks
waxed_weathered_copper	blazeandcave:challenges/stack_all_the_blocks
waxed_weathered_copper_bulb	blazeandcave:challenges/stack_all_the_blocks
waxed_weathered_copper_door	blazeandcave:challenges/stack_all_the_blocks
waxed_weathered_copper_grate	blazeandcave:challenges/stack_all_the_blocks
waxed_weathered_copper_trapdoor	blazeandcave:challenges/stack_all_the_blocks
waxed_weathered_cut_copper	blazeandcave:challenges/stack_all_the_blocks
waxed_weathered_cut_copper_slab	blazeandcave:challenges/stack_all_the_blocks
waxed_weathered_cut_copper_stairs	blazeandcave:challenges/stack_all_the_blocks
wayfinder_armor_trim	blazeandcave:challenges/all_the_items
weathered_chiseled_copper	blazeandcave:challenges/stack_all_the_blocks
weathered_copper	blazeandcave:challenges/stack_all_the_blocks
weathered_copper_bulb	blazeandcave:challenges/stack_all_the_blocks
weathered_copper_door	blazeandcave:challenges/stack_all_the_blocks
weathered_copper_grate	blazeandcave:challenges/stack_all_the_blocks
weathered_copper_trapdoor	blazeandcave:challenges/stack_all_the_blocks
weathered_cut_copper	blazeandcave:challenges/stack_all_the_blocks
weathered_cut_copper_slab	blazeandcave:challenges/stack_all_the_blocks
weathered_cut_copper_stairs	blazeandcave:challenges/stack_all_the_blocks
weeping_vines	blazeandcave:challenges/stack_all_the_blocks
wet_sponge	blazeandcave:challenges/stack_all_the_blocks
wheat	blazeandcave:challenges/stack_all_the_items
wheat_seeds	blazeandcave:challenges/stack_all_the_items
white_banner	blazeandcave:challenges/stack_all_the_blocks
white_bed	blazeandcave:challenges/stack_all_the_blocks
white_bundle	blazeandcave:challenges/stack_all_the_items
white_candle	blazeandcave:challenges/stack_all_the_blocks
white_carpet	blazeandcave:challenges/stack_all_the_blocks
white_concrete	blazeandcave:challenges/stack_all_the_blocks
white_concrete_powder	blazeandcave:challenges/stack_all_the_blocks
white_dye	blazeandcave:challenges/stack_all_the_items
white_glazed_terracotta	blazeandcave:challenges/stack_all_the_blocks
white_shulker_box	blazeandcave:challenges/stack_all_the_blocks
white_stained_glass	blazeandcave:challenges/stack_all_the_blocks
white_stained_glass_pane	blazeandcave:challenges/stack_all_the_blocks
white_terracotta	blazeandcave:challenges/stack_all_the_blocks
white_tulip	blazeandcave:challenges/stack_all_the_blocks
white_wool	blazeandcave:challenges/stack_all_the_blocks
wild_armor_trim	blazeandcave:challenges/all_the_items
wind_charge	blazeandcave:challenges/stack_all_the_items
wither_rose	blazeandcave:challenges/stack_all_the_blocks
wither_skeleton_skull	blazeandcave:challenges/stack_all_the_blocks
wolf_armor	blazeandcave:challenges/stack_all_the_items
wooden_axe	blazeandcave:challenges/stack_all_the_items
wooden_hoe	blazeandcave:challenges/stack_all_the_items
wooden_pickaxe	blazeandcave:challenges/stack_all_the_items
wooden_shovel	blazeandcave:challenges/stack_all_the_items
wooden_sword	blazeandcave:challenges/stack_all_the_items
writable_book	blazeandcave:challenges/stack_all_the_items
written_book	blazeandcave:challenges/stack_all_the_items
yellow_banner	blazeandcave:challenges/stack_all_the_blocks
yellow_bed	blazeandcave:challenges/stack_all_the_blocks
yellow_bundle	blazeandcave:challenges/stack_all_the_items
yellow_candle	blazeandcave:challenges/stack_all_the_blocks
yellow_carpet	blazeandcave:challenges/stack_all_the_blocks
yellow_concrete	blazeandcave:challenges/stack_all_the_blocks
yellow_concrete_powder	blazeandcave:challenges/stack_all_the_blocks
yellow_dye	blazeandcave:challenges/stack_all_the_items
yellow_glazed_terracotta	blazeandcave:challenges/stack_all_the_blocks
yellow_shulker_box	blazeandcave:challenges/stack_all_the_blocks
yellow_stained_glass	blazeandcave:challenges/stack_all_the_blocks
yellow_stained_glass_pane	blazeandcave:challenges/stack_all_the_blocks
yellow_terracotta	blazeandcave:challenges/stack_all_the_blocks
yellow_wool	blazeandcave:challenges/stack_all_the_blocks
zombie_head	blazeandcave:challenges/stack_all_the_blocks
